No,Pattern Name,Keywords,Section Order,Primary CTA Placement,Color Strategy,Recommended Effects,Conversion Optimization
1,Hero + Features + CTA,"hero, hero-centric, features, feature-rich, cta, call-to-action","1. Hero with headline/image, 2. Value prop, 3. Key features (3-5), 4. CTA section, 5. Footer",Hero (sticky) + Bottom,Hero: Brand primary or vibrant. Features: Card bg #FAFAFA. CTA: Contrasting accent color,"Hero parallax, feature card hover lift, CTA glow on hover",Deep CTA placement. Use contrasting color (at least 7:1 contrast ratio). Sticky navbar CTA.
2,Hero + Testimonials + CTA,"hero, testimonials, social-proof, trust, reviews, cta","1. Hero, 2. Problem statement, 3. Solution overview, 4. Testimonials carousel, 5. CTA",Hero (sticky) + Post-testimonials,"Hero: Brand color. Testimonials: Light bg #F5F5F5. Quotes: Italic, muted color #666. CTA: Vibrant","Testimonial carousel slide animations, quote marks animations, avatar fade-in",Social proof before CTA. Use 3-5 testimonials. Include photo + name + role. CTA after social proof.
3,Product Demo + Features,"demo, product-demo, features, showcase, interactive","1. Hero, 2. Product video/mockup (center), 3. Feature breakdown per section, 4. Comparison (optional), 5. CTA",Video center + CTA right/bottom,Video surround: Brand color overlay. Features: Icon color #0080FF. Text: Dark #222,"Video play button pulse, feature scroll reveals, demo interaction highlights",Embedded product demo increases engagement. Use interactive mockup if possible. Auto-play video muted.
4,Minimal Single Column,"minimal, simple, direct, single-column, clean","1. Hero headline, 2. Short description, 3. Benefit bullets (3 max), 4. CTA, 5. Footer","Center, large CTA button",Minimalist: Brand + white #FFFFFF + accent. Buttons: High contrast 7:1+. Text: Black/Dark grey,Minimal hover effects. Smooth scroll. CTA scale on hover (subtle),Single CTA focus. Large typography. Lots of whitespace. No nav clutter. Mobile-first.
5,Funnel (3-Step Conversion),"funnel, conversion, steps, wizard, onboarding","1. Hero, 2. Step 1 (problem), 3. Step 2 (solution), 4. Step 3 (action), 5. CTA progression",Each step: mini-CTA. Final: main CTA,"Step colors: 1 (Red/Problem), 2 (Orange/Process), 3 (Green/Solution). CTA: Brand color","Step number animations, progress bar fill, step transitions smooth scroll",Progressive disclosure. Show only essential info per step. Use progress indicators. Multiple CTAs.
6,Comparison Table + CTA,"comparison, table, compare, versus, cta","1. Hero, 2. Problem intro, 3. Comparison table (product vs competitors), 4. Pricing (optional), 5. CTA",Table: Right column. CTA: Below table,Table: Alternating rows (white/light grey). Your product: Highlight #FFFACD (light yellow) or green. Text: Dark,"Table row hover highlight, price toggle animations, feature checkmark animations",Use comparison to show unique value. Highlight your product row. Include 'free trial' in pricing row.
7,Lead Magnet + Form,"lead, form, signup, capture, email, magnet","1. Hero (benefit headline), 2. Lead magnet preview (ebook cover, checklist, etc), 3. Form (minimal fields), 4. CTA submit",Form CTA: Submit button,Lead magnet: Professional design. Form: Clean white bg. Inputs: Light border #CCCCCC. CTA: Brand color,"Form focus state animations, input validation animations, success confirmation animation",Form fields ≤ 3 for best conversion. Offer valuable lead magnet preview. Show form submission progress.
8,Pricing Page + CTA,"pricing, plans, tiers, comparison, cta","1. Hero (pricing headline), 2. Price comparison cards, 3. Feature comparison table, 4. FAQ section, 5. Final CTA",Each card: CTA button. Sticky CTA in nav,"Free: Grey, Starter: Blue, Pro: Green/Gold, Enterprise: Dark. Cards: 1px border, shadow","Price toggle animation (monthly/yearly), card comparison highlight, FAQ accordion open/close",Recommend starter plan (pre-select/highlight). Show annual discount (20-30%). Use FAQs to address concerns.
9,Video-First Hero,"video, hero, media, visual, engaging","1. Hero with video background, 2. Key features overlay, 3. Benefits section, 4. CTA",Overlay on video (center/bottom) + Bottom section,Dark overlay 60% on video. Brand accent for CTA. White text on dark.,"Video autoplay muted, parallax scroll, text fade-in on scroll",86% higher engagement with video. Add captions for accessibility. Compress video for performance.
10,Scroll-Triggered Storytelling,"storytelling, scroll, narrative, story, immersive","1. Intro hook, 2. Chapter 1 (problem), 3. Chapter 2 (journey), 4. Chapter 3 (solution), 5. Climax CTA",End of each chapter (mini) + Final climax CTA,Progressive reveal. Each chapter has distinct color. Building intensity.,"ScrollTrigger animations, parallax layers, progressive disclosure, chapter transitions",Narrative increases time-on-page 3x. Use progress indicator. Mobile: simplify animations.
11,AI Personalization Landing,"ai, personalization, smart, recommendation, dynamic","1. Dynamic hero (personalized), 2. Relevant features, 3. Tailored testimonials, 4. Smart CTA",Context-aware placement based on user segment,Adaptive based on user data. A/B test color variations per segment.,"Dynamic content swap, fade transitions, personalized product recommendations",20%+ conversion with personalization. Requires analytics integration. Fallback for new users.
12,Waitlist/Coming Soon,"waitlist, coming-soon, launch, early-access, notify","1. Hero with countdown, 2. Product teaser/preview, 3. Email capture form, 4. Social proof (waitlist count)",Email form prominent (above fold) + Sticky form on scroll,Anticipation: Dark + accent highlights. Countdown in brand color. Urgency indicators.,"Countdown timer animation, email validation feedback, success confetti, social share buttons",Scarcity + exclusivity. Show waitlist count. Early access benefits. Referral program.
13,Comparison Table Focus,"comparison, table, versus, compare, features","1. Hero (problem statement), 2. Comparison matrix (you vs competitors), 3. Feature deep-dive, 4. Winner CTA",After comparison table (highlighted row) + Bottom,Your product column highlighted (accent bg or green). Competitors neutral. Checkmarks green.,"Table row hover highlight, feature checkmark animations, sticky comparison header",Show value vs competitors. 35% higher conversion. Be factual. Include pricing if favorable.
14,Pricing-Focused Landing,"pricing, price, cost, plans, subscription","1. Hero (value proposition), 2. Pricing cards (3 tiers), 3. Feature comparison, 4. FAQ, 5. Final CTA",Each pricing card + Sticky CTA in nav + Bottom,Popular plan highlighted (brand color border/bg). Free: grey. Enterprise: dark/premium.,"Price toggle monthly/annual animation, card hover lift, FAQ accordion smooth open",Annual discount 20-30%. Recommend mid-tier (most popular badge). Address objections in FAQ.
15,App Store Style Landing,"app, mobile, download, store, install","1. Hero with device mockup, 2. Screenshots carousel, 3. Features with icons, 4. Reviews/ratings, 5. Download CTAs",Download buttons prominent (App Store + Play Store) throughout,Dark/light matching app store feel. Star ratings in gold. Screenshots with device frames.,"Device mockup rotations, screenshot slider, star rating animations, download button pulse",Show real screenshots. Include ratings (4.5+ stars). QR code for mobile. Platform-specific CTAs.
16,FAQ/Documentation Landing,"faq, documentation, help, support, questions","1. Hero with search bar, 2. Popular categories, 3. FAQ accordion, 4. Contact/support CTA",Search bar prominent + Contact CTA for unresolved questions,"Clean, high readability. Minimal color. Category icons in brand color. Success green for resolved.","Search autocomplete, smooth accordion open/close, category hover, helpful feedback buttons",Reduce support tickets. Track search analytics. Show related articles. Contact escalation path.
17,Immersive/Interactive Experience,"immersive, interactive, experience, 3d, animation","1. Full-screen interactive element, 2. Guided product tour, 3. Key benefits revealed, 4. CTA after completion",After interaction complete + Skip option for impatient users,Immersive experience colors. Dark background for focus. Highlight interactive elements.,"WebGL, 3D interactions, gamification elements, progress indicators, reward animations",40% higher engagement. Performance trade-off. Provide skip option. Mobile fallback essential.
18,Event/Conference Landing,"event, conference, meetup, registration, schedule","1. Hero (date/location/countdown), 2. Speakers grid, 3. Agenda/schedule, 4. Sponsors, 5. Register CTA",Register CTA sticky + After speakers + Bottom,Urgency colors (countdown). Event branding. Speaker cards professional. Sponsor logos neutral.,"Countdown timer, speaker hover cards with bio, agenda tabs, early bird countdown",Early bird pricing with deadline. Social proof (past attendees). Speaker credibility. Multi-ticket discounts.
19,Product Review/Ratings Focused,"reviews, ratings, testimonials, social-proof, stars","1. Hero (product + aggregate rating), 2. Rating breakdown, 3. Individual reviews, 4. Buy/CTA",After reviews summary + Buy button alongside reviews,Trust colors. Star ratings gold. Verified badge green. Review sentiment colors.,"Star fill animations, review filtering, helpful vote interactions, photo lightbox",User-generated content builds trust. Show verified purchases. Filter by rating. Respond to negative reviews.
20,Community/Forum Landing,"community, forum, social, members, discussion","1. Hero (community value prop), 2. Popular topics/categories, 3. Active members showcase, 4. Join CTA",Join button prominent + After member showcase,"Warm, welcoming. Member photos add humanity. Topic badges in brand colors. Activity indicators green.","Member avatars animation, activity feed live updates, topic hover previews, join success celebration","Show active community (member count, posts today). Highlight benefits. Preview content. Easy onboarding."
21,Before-After Transformation,"before-after, transformation, results, comparison","1. Hero (problem state), 2. Transformation slider/comparison, 3. How it works, 4. Results CTA",After transformation reveal + Bottom,Contrast: muted/grey (before) vs vibrant/colorful (after). Success green for results.,"Slider comparison interaction, before/after reveal animations, result counters, testimonial videos",Visual proof of value. 45% higher conversion. Real results. Specific metrics. Guarantee offer.
22,Marketplace / Directory,"marketplace, directory, search, listing","1. Hero (Search focused), 2. Categories, 3. Featured Listings, 4. Trust/Safety, 5. CTA (Become a host/seller)",Hero Search Bar + Navbar 'List your item',Search: High contrast. Categories: Visual icons. Trust: Blue/Green.,"Search autocomplete animation, map hover pins, card carousel","Search bar is the CTA. Reduce friction to search. Popular searches suggestions."
23,Newsletter / Content First,"newsletter, content, writer, blog, subscribe","1. Hero (Value Prop + Form), 2. Recent Issues/Archives, 3. Social Proof (Subscriber count), 4. About Author",Hero inline form + Sticky header form,Minimalist. Paper-like background. Text focus. Accent color for Subscribe.,"Text highlight animations, typewriter effect, subtle fade-in","Single field form (Email only). Show 'Join X,000 readers'. Read sample link."
24,Webinar Registration,"webinar, registration, event, training, live","1. Hero (Topic + Timer + Form), 2. What you'll learn, 3. Speaker Bio, 4. Urgency/Bonuses, 5. Form (again)",Hero (Right side form) + Bottom anchor,Urgency: Red/Orange. Professional: Blue/Navy. Form: High contrast white.,"Countdown timer, speaker avatar float, urgent ticker","Limited seats logic. 'Live' indicator. Auto-fill timezone."
25,Enterprise Gateway,"enterprise, corporate, gateway, solutions, portal","1. Hero (Video/Mission), 2. Solutions by Industry, 3. Solutions by Role, 4. Client Logos, 5. Contact Sales",Contact Sales (Primary) + Login (Secondary),Corporate: Navy/Grey. High integrity. Conservative accents.,"Slow video background, logo carousel, tab switching for industries","Path selection (I am a...). Mega menu navigation. Trust signals prominent."
26,Portfolio Grid,"portfolio, grid, showcase, gallery, masonry","1. Hero (Name/Role), 2. Project Grid (Masonry), 3. About/Philosophy, 4. Contact",Project Card Hover + Footer Contact,Neutral background (let work shine). Text: Black/White. Accent: Minimal.,"Image lazy load reveal, hover overlay info, lightbox view","Visuals first. Filter by category. Fast loading essential."
27,Horizontal Scroll Journey,"horizontal, scroll, journey, gallery, storytelling, panoramic","1. Intro (Vertical), 2. The Journey (Horizontal Track), 3. Detail Reveal, 4. Vertical Footer","Floating Sticky CTA or End of Horizontal Track","Continuous palette transition. Chapter colors. Progress bar #000000.","Scroll-jacking (careful), parallax layers, horizontal slide, progress indicator","Immersive product discovery. High engagement. Keep navigation visible."
28,Bento Grid Showcase,"bento, grid, features, modular, apple-style, showcase","1. Hero, 2. Bento Grid (Key Features), 3. Detail Cards, 4. Tech Specs, 5. CTA","Floating Action Button or Bottom of Grid","Card backgrounds: #F5F5F7 or Glass. Icons: Vibrant brand colors. Text: Dark.","Hover card scale (1.02), video inside cards, tilt effect, staggered reveal","Scannable value props. High information density without clutter. Mobile stack."
29,Interactive 3D Configurator,"3d, configurator, customizer, interactive, product","1. Hero (Configurator), 2. Feature Highlight (synced), 3. Price/Specs, 4. Purchase","Inside Configurator UI + Sticky Bottom Bar","Neutral studio background. Product: Realistic materials. UI: Minimal overlay.","Real-time rendering, material swap animation, camera rotate/zoom, light reflection","Increases ownership feeling. 360 view reduces return rates. Direct add-to-cart."
30,AI-Driven Dynamic Landing,"ai, dynamic, personalized, adaptive, generative","1. Prompt/Input Hero, 2. Generated Result Preview, 3. How it Works, 4. Value Prop","Input Field (Hero) + 'Try it' Buttons","Adaptive to user input. Dark mode for compute feel. Neon accents.","Typing text effects, shimmering generation loaders, morphing layouts","Immediate value demonstration. 'Show, don't tell'. Low friction start."
31,Video Sales Letter (VSL) Layout,"video, vsl, sales-heavy, direct-response, landing-page","1. Compelling Headline, 2. Large Video Player, 3. Bulleted Benefits, 4. Urgency/Scarcity Timer, 5. Primary CTA, 6. FAQ","Below video + Bottom of page","Video Frame: Dark/Black. Text: High contrast white #FFFFFF. CTA: Urgent Orange #FF8C00. Urgency: Red #CC0000","Video autoplay (muted), countdown timer tick, CTA pulse effect, fade-in testimonials","Keep the video above the fold. Use a progress bar on the video. Add a 'buy' button that appears after a specific timestamp.","
32,E-commerce Product Showcase,"ecommerce, product-focus, gallery, specifications, shopping","1. Hero Product Image, 2. Thumbnail Gallery, 3. Price & Add to Cart, 4. Feature Icons, 5. Detailed Specs, 6. Related Products","Right side (desktop) / Below image (mobile) + Sticky footer","Product BG: Neutral Grey #F9F9F9. Price: Brand primary. Add to Cart: High-action Green #28A745.","Image zoom on hover, slide-in cart notification, smooth scroll to specs, star rating animation","Show stock availability. Use high-quality zoomable images. Include 'Buy Now' vs 'Add to Cart' options. Use trust badges.","
33,SaaS Pricing & Comparison,"saas, pricing, tiers, comparison, subscription, plans","1. Value Prop Hero, 2. Toggle (Monthly/Yearly), 3. Pricing Cards (3-4), 4. Detailed Feature Table, 5. FAQ, 6. Bottom CTA","Center of 'Most Popular' card + Bottom secondary","Tiers: White #FFFFFF. Recommended: Highlighted Blue #007BFF. Comparison: Zebra stripes #F2F2F2.","Pricing toggle slide, card lift on hover, checkmark drawing animation, plan highlight pulse","Highlight the 'Most Popular' plan. Use psychological pricing ($49 vs $50). Clear feature differentiation. Social proof near pricing.","
34,Lead Magnet / Opt-in Page,"lead-gen, ebook, whitepaper, signup, newsletter","1. Lead Magnet Preview, 2. Bold Headline, 3. Summary Bullets, 4. Opt-in Form, 5. Author/Trust Bio","Top right form + Center bottom","Form: Clean White. Submit Button: Contrast Blue #1E90FF. Background: Subtle Pattern or Brand Gradient.","Form field focus glow, button shake on invalid entry, success checkmark animation, scroll-triggered popup","Minimize form fields. Use a clear value-driven button text (e.g., 'Get My Guide'). Use a 2-step opt-in for higher quality leads.","
35,Webinar Registration Page,"webinar, event, live-stream, training, registration","1. Event Date/Time, 2. Host Introduction, 3. Learning Outcomes, 4. Registration Form, 5. Speaker Bios, 6. Countdown","Above the fold form + Floating registration button","Header: Professional Navy #000080. Time: Bold Yellow #FFFF00. Speaker: Soft neutral #E9ECEF.","Countdown timer sync, speaker photo hover zoom, calendar invite link animation, smooth form transition","Show the 'Limited Spots' warning. Include 'Add to Calendar' links immediately after signup. Display countdown to the next session.","
36,Interactive Quiz / Assessment,"quiz, interactive, assessment, discovery, engagement","1. Question Header, 2. Interactive Choices, 3. Progress Tracker, 4. Result Preview (blurred), 5. Lead Capture Form","Bottom of quiz container","Quiz BG: Light Brand Color. Progress Bar: Gradient Green. Choices: Shadowed Cards #FFFFFF.","Card flip transitions, progress bar fill, checkmark/cross feedback, loading spinner for results","High engagement before lead ask. Use results as the 'hook'. Ensure fast transitions between questions to prevent drop-offs.","
37,Event / Conference Landing,"event, conference, schedule, speakers, tickets","1. Hero Video/Loop, 2. Speaker Grid, 3. Schedule/Agenda, 4. Venue/Map, 5. Ticket Tiers, 6. Sponsor Logos","Top Nav 'Get Tickets' + Section 5 CTA","Primary: Dark #111111. Accents: Neon/Event color #00FFCC. Links: Underlined bold.","Speaker profile modal popups, agenda accordion, interactive map pins, scroll-reveal sponsor logos","Use early bird pricing countdown. Include an interactive map. Make the schedule searchable or filterable by track/room.","
38,App Download / Mobile First,"mobile-app, ios, android, download, app-showcase","1. Phone Mockup Hero, 2. App Store Badges, 3. Features with Icons, 4. User Reviews, 5. QR Code Section","Hero badges (App Store/Play Store) + Floating Footer","Phone BG: Minimalist. Badges: Official colors. Brand: Primary vibrant gradient.","App screen slide transitions, phone mockup tilt on move, badge pulse, star rating count-up","Include a QR code for desktop-to-mobile transition. Use 'As Seen On' logos for credibility. Showcase high-quality app screenshots.","
39,Case Study / Portfolio Detail,"portfolio, case-study, results, project, agency","1. Project Title & Result, 2. Problem Statement, 3. Solution/Process, 4. Visual Gallery, 5. Metrics/ROI, 6. Next Project CTA","Bottom of page (Next Project) + Sidebar contact","Text: High readability Serif. Success Metrics: Large Bold #2ECC71. Accents: Deep Grey #444.","Parallax project images, metric counter animation, smooth transition to next project, light-box gallery","Focus on 'Results' first (e.g., '+200% Revenue'). Use quotes from the client. Show 'Before vs After' visuals clearly.","
40,Waitlist / Coming Soon,"waitlist, pre-launch, viral, referral, sneak-peek","1. Curiosity Headline, 2. Feature Teaser (blurred), 3. Waitlist Form, 4. Referral Counter, 5. Social Sharing","Center Form + Referral button","Background: Dark #0A0A0A. Glow: Brand color purple #6F42C1. Text: Subtle #AAAAAA.","Background smoke/particle effect, glowing input field, viral referral share animation, typing headline effect","Incentivize referrals (e.g., 'Move up the line'). Use a progress indicator for the launch. Keep the message extremely simple and mysterious.","
41,Membership Portal Landing,"membership, login, portal, community, dashboard","1. Welcome Hero, 2. Member Benefits, 3. Community Preview, 4. Pricing/Levels, 5. FAQ, 6. Footer","Hero Center + Pricing Card","Primary: Royal Blue #4169E1. Background: Light Gray #F8F9FA. CTA: Gold #FFD700","Login fade-in, gated content blur, card hover scale, unlock animation","Use Members Only badges. Show a preview of the community feed. Simplify the login/signup toggle.","
42,Charity & Donation Page,"charity, donation, nonprofit, cause, fundraising","1. Emotional Hero Image, 2. The Mission, 3. Impact Stats, 4. Donation Tiers, 5. Transparency Report, 6. Footer","Floating Donation Bar + Tier Buttons","Primary: Heart Red #DC3545. Background: White #FFFFFF. Impact: Forest Green #28A745","Progress bar filling, heart beat pulse on CTA, image fade-in, counter for total raised","Show exactly what $X buys. Use real photos of the cause. Provide a Donate Monthly default option.","
43,Real Estate Listing Page,"real-estate, property, listing, house-hunt, agent","1. Property Gallery, 2. Key Specs (Beds/Baths), 3. Description, 4. Virtual Tour, 5. Location Map, 6. Agent Contact Form","Sidebar Contact + Floating Call Button","Primary: Professional Navy #003366. Highlights: Clean White #FFFFFF. Map accents: Blue.","Image carousel swipe, map marker bounce, smooth scroll to tour, form field glow","Highlight Price and Location at the top. Use high-res wide-angle photos. Include a Schedule a Viewing button.","
44,SaaS Dashboard Preview,"saas, dashboard, ui, app-preview, software","1. Problem Headline, 2. Interactive Dashboard Mockup, 3. Core Features, 4. Integration Logos, 5. Footer CTA","Top Right Try Free + Center Bottom","Dashboard: Dark Theme #1A1A1B. Accents: Neon Green #39FF14. Text: Soft White.","Data point tooltip hover, chart drawing animation, sidebar menu toggle, glowing status indicators","Show real UI screens. Use interactive tooltips to explain features. Minimize friction with a 14-day free trial CTA.","
45,Podcast Landing Page,"podcast, audio, episodes, stream, creator","1. Cover Art Hero, 2. Latest Episode Player, 3. Subscription Links (Spotify/Apple), 4. About the Host, 5. Top Episodes, 6. Newsletter","Sticky Player Bar + Hero Subscription","Brand: Vibrant Purple #6A0DAD. Text: Dark Gray #333. Links: Player-specific branding.","Audio waveform visualizer, play button hover effect, episode list slide-in, host photo fade","Feature a Listen Now button prominently. Show social proof via listener count or reviews. Embed a mini-player.","
46,Travel & Booking Page,"travel, booking, vacation, flights, hotels","1. Scenic Video Hero, 2. Search Bar (Dates/Loc), 3. Popular Destinations, 4. Trust Badges, 5. Testimonials, 6. Footer","Hero Search Button + Destination Cards","Primary: Ocean Blue #0077BE. Secondary: Sandy Beige #F5F5DC. CTA: Sunset Orange #FF4500","Video background parallax, destination card zoom, search result loading skeletons, smooth date picker","Use urgency cues (e.g. 5 people looking now). Optimize for mobile booking. Display clear price transparency.","
47,Restaurant & Menu Page,"restaurant, menu, food, dining, reservations","1. Food Photography Hero, 2. Featured Dishes, 3. Full Digital Menu, 4. Reservation Form, 5. Location/Hours, 6. Instagram Feed","Book a Table Top Right + Menu Scroll","Primary: Warm Charcoal #2D2D2D. Accents: Terracotta #E2725B. Text: Cream #FFFDD0","Menu category filter fade, dish image lightbox, form validation animation, Instagram feed hover","Make the 'Book a Table' button sticky. Use professional food photography. Ensure the menu is text-based for SEO.","
48,Creative Agency Portfolio,"agency, creative, design, studio, work","1. Bold Typography Hero, 2. Project Grid (Masonry), 3. Our Process, 4. Client Logos, 5. Contact Form, 6. Social Links","Bottom of Case Study + Footer Contact","Background: Minimal White #FFFFFF. Text: Bold Black #000000. Accents: Electric Blue #0000FF","Custom cursor, masonry layout rearrangement, project hover overlay, smooth page transitions","Focus on visual impact. Use large, high-quality project thumbnails. Keep the navigation extremely simple.","
49,Newsletter Archives,"newsletter, archive, content, marketing, blog","1. Catchy Headline, 2. Archive Grid by Date, 3. Subscription Form, 4. Most Popular Issues, 5. Search Bar, 6. Social Proof","Top Form + Sticky Sidebar Form","Background: Paper White #FCFCFC. Borders: Thin Grey #E0E0E0. CTA: Brand Primary.","Hover card shadow increase, load more button fade, search result highlighting, subscription popup","Show a preview of the content before asking for email. Use a 'Read the latest' button. Show subscriber count.","
50,ROI Calculator Page,"calculator, tool, interactive, leads, roi, saas","1. Tool Goal Headline, 2. Input Sliders, 3. Real-time Results Graph, 4. Summary Table, 5. Lead Gen Form (Get PDF), 6. FAQ","Calculate Button + Result Lead Form","Primary: Data Blue #0056B3. Results: Success Green #28A745. Inputs: Light Grey.","Slider value smooth update, chart bars growing, result count-up animation, success checkmark","Provide value before asking for info. Offer a 'Download Full Report' option. Keep the UI clean and math-focused.","
51,Online Course Curriculum,"education, course, learning, curriculum, lms","1. Course Overview Hero, 2. Instructor Bio, 3. Module Breakdown (Accordion), 4. Pricing Tiers, 5. Student Reviews, 6. Enrollment CTA","Hero Enroll + Pricing Cards","Primary: Academic Blue #002366. Highlights: Bright Orange #FFA500. Table: White/Grey.","Accordion smooth open/close, progress bar mockup, video preview popup, testimonial slider","Show exactly what students will learn. Use 'Buy Now' vs 'Installment' options. Include a certification badge.","
52,Product Comparison Table,"comparison, vs, features, pricing, alternate","1. Headline (A vs B), 2. High-level Summary, 3. Detailed Feature Table, 4. Our Recommendation, 5. Final CTA","Center of Recommended Column + Bottom","Header: Dark Blue. Best Choice: Highlighted Gold/Green. Table: Alternating White/Grey.","Row highlight on hover, comparison chart draw, sticky table header, tick/cross animations","Clearly highlight the winner. Use checkmarks for positive features. Keep the comparison unbiased but persuasive.","
53,Influencer Link-in-Bio,"linktree, influencer, links, bio, social-media","1. Profile Image, 2. Short Bio, 3. Vertical Link Buttons, 4. Social Icons, 5. Latest Video Embed, 6. Newsletter Signup","Every Button is a CTA","Background: Soft Gradient. Buttons: Solid Brand Color. Text: High Contrast White.","Button wiggle on hover, social icon bounce, link fade-in, profile image pulse (subtle)","Prioritize the most important link at the top. Use icons for visual cues. Keep it mobile-centered.","
54,Event VIP Ticketing,"vip, luxury, tickets, exclusive, event","1. Exclusive Video/Ambience, 2. VIP Benefit List, 3. Scarcity Counter (X Left), 4. Ticket Selection, 5. FAQ, 6. Contact","Main Ticket Card + Footer","Luxury: Deep Black #000000. Accents: Metallic Gold #D4AF37. Text: White.","Glow on CTA, smooth parallax, countdown timer, luxury card hover effect","Emphasize exclusivity. Use a countdown for 'Early Bird' or 'Final Spots'. Show a map of the VIP section.","
55,Legal/Consulting Form-heavy,"legal, consulting, lawyer, form, leads","1. Professional Hero, 2. Expertise Areas, 3. Intake Form (Multi-step), 4. Success Stories, 5. Trust Badges, 6. Footer","Header Phone Number + Form Submit","Professional: Grey #343A40. Primary: Trust Blue #004085. Form: White.","Multi-step form transition, trust badge reveal, smooth scroll to form, professional fade-in","Ask qualifying questions in the form. Use trust badges (BBB, Avvo). Include a 'Free Consultation' hook.","
56,Health/Wellness Before & After,"health, wellness, fitness, transformation, results","1. Transformation Hero, 2. Before/After Slider, 3. The Method, 4. Client Testimonials, 5. Program Options, 6. CTA","Below Transformation + Pricing","Primary: Healthy Green #4CAF50. Secondary: White #FFFFFF. Text: Soft Grey #555.","Before/after image slider, result counter, fade-in success stories, smooth scroll","Use real, unedited photos. Focus on the emotional journey. Include a 'Money-back guarantee' badge.","
57,Mobile Game Promo,"gaming, mobile-game, app, play, entertainment","1. Cinematic Trailer, 2. Download Badges, 3. Character Gallery, 4. Gameplay Features, 5. Community Links, 6. Footer","Hero Badges + Floating 'Play Now'","Theme: High-contrast Dark. Accents: Game-specific (e.g. Neon Purple). Buttons: Store Colors.","Character animation on hover, gameplay clips auto-play, particle effects, parallax backgrounds","Show gameplay immediately. Use high-action visuals. Link directly to App Store and Google Play.","
58,B2B Whitepaper Download,"b2b, whitepaper, lead-gen, research, report","1. Cover Image + Title, 2. Key Findings Bullets, 3. Abstract/Summary, 4. Lead Form, 5. About the Author, 6. Footer","Sidebar Form + Bottom CTA","Background: Corporate Blue #E9F0FE. Form: White. Text: Dark #212529.","Form focus border, scroll-triggered lead prompt, simple fade-in, button hover highlight","Focus on the 'Value' of the data. Use a professional cover image. Require only essential information in the form.","
59,Personal Branding (Coach),"coach, personal-brand, mentor, consulting, expert","1. High-quality Portrait Hero, 2. Personal Story, 3. Services/Packages, 4. Social Proof, 5. Blog/Content, 6. Discovery Call","Sticky Nav CTA + Hero Button","Soft: Pastel Tones #FDF5E6. Primary: Signature Color. Text: Dark Charcoal.","Handwritten text animation, photo hover zoom, smooth section transitions, social icons fade","Use a friendly, approachable photo. Focus on the 'Problem' you solve. Offer a free discovery call.","
60,SaaS Integrations Page,"saas, integrations, api, ecosystem, platform","1. Integration Hero, 2. Category Filter, 3. App Logo Grid, 4. Developer API Link, 5. CTA to Request App, 6. Footer","Header Try Free + Center Grid","Background: Clean White. Grid Cards: Grey Border #EDEDED. Logos: Original Colors.","Category filter shuffle, logo pop on hover, search bar predictive text, smooth card expansion","Show the most popular integrations first. Use a search bar for quick discovery. Link to help docs for each.","
61,Local Services (Plumber/Electrician),"local-service, plumber, electrician, repair, home","1. Emergency Service Hero, 2. Trust Seals, 3. Service List, 4. Book Online Form, 5. Area Map, 6. Reviews","Header Phone Number + Form Button","Primary: Safety Orange #FF8800. Secondary: Blue #007BFF. Background: Light.","Phone number pulse, form field validation, map marker drop, trust badge rotation","Highlight 'Emergency' availability. Show local reviews. Use a large, clickable phone number for mobile.","
62,Beauty & Cosmetics Shop,"beauty, cosmetics, shop, skincare, makeup","1. Lifestyle Product Hero, 2. Bestsellers Carousel, 3. Ingredient Spotlight, 4. User Gallery (UGC), 5. Shop All CTA, 6. Footer","Hero Shop Now + Product Card Buttons","Colors: Soft Pink #FFB6C1. Accents: Rose Gold #B76E79. Text: Black.","Smooth image hover swap, cart slide-in, star rating fade-in, parallax product shots","Use high-quality lifestyle imagery. Highlight 'Cruelty-free' or 'Natural' labels. Include a mini-cart preview.","
63,SaaS Status & Uptime,"saas, status, uptime, system, devops","1. Overall Status Bar, 2. Component Health List, 3. Uptime History (90 days), 4. Recent Incidents, 5. Subscribe to Updates","Header Subscribe + Bottom Contact Support","Uptime: Success Green #28A745. Issue: Warning Yellow/Red. Background: Grey #F4F7F6.","Status bar fill, incident accordion, live updates (polling), hover tooltips for history","Be transparent about issues. Provide an 'Incident History' archive. Make the 'Subscribe' button very visible.","
64,Job Board / Careers Page,"jobs, careers, hiring, board, workplace","1. Workplace Culture Hero, 2. Job Search Filter, 3. Opening List, 4. Benefits/Perks, 5. Employee Testimonials, 6. Footer","Search Button + Apply Buttons","Primary: Recruiter Blue #0052CC. Background: White. Jobs: Light Grey Border.","Search list filtering, perk icon hover, testimonial carousel, smooth apply form popup","Include 'Remote' or 'On-site' tags clearly. Show salary ranges if possible. Highlight company culture via photos.","
65,FAQ & Help Center Home,"faq, help, support, documentation, knowledge-base","1. Search Bar Hero, 2. Main Categories (Icons), 3. Top Articles List, 4. Community Link, 5. Contact Support CTA","Header Support + Bottom Contact","Background: Neutral #F9FAFB. Icons: Brand Primary. Text: Dark #1F2937.","Search result dropdown, icon hover lift, category card expansion, smooth scroll to top","Keep the search bar front and center. Use icons for navigation. Link to live chat for immediate help.","
66,Webinar Replay Page,"webinar, replay, video, evergreen, training","1. Replay Video Player, 2. Key Takeaways Bullets, 3. Special Offer (Limited Time), 4. FAQ, 5. Bonus Content Download, 6. CTA","Sticky Offer Bar + Below Video","Video BG: Dark. Offer: Vibrant Red #D0021B. Text: High Contrast White.","Video progress bar, offer countdown, download button pulse, smooth scroll to offer","Use an 'Evergreen' countdown timer. Provide a transcript or summary. Include a 'Buy Now' button during the video.","
67,Black Friday Promo Page,"black-friday, sale, discount, shopping, promo","1. High-Impact Sales Hero, 2. Countdown Timer, 3. Featured Deals Grid, 4. Newsletter Signup, 5. Trust Badges, 6. Footer","Hero Shop All + Grid Deal Buttons","Primary: Black #000000. Accents: Neon Yellow #FFFF00. Discounts: Red #FF0000.","Glow effects, ticking countdown, flash sale banner, deal card scale on hover","Use heavy urgency cues. Highlight percentage off clearly. Ensure the site can handle high traffic.","
68,Waitlist Viral Referral,"waitlist, referral, viral, launch, growth","1. Curiosity Hero, 2. Join Waitlist Form, 3. Referral Leaderboard, 4. Share Links, 5. Perk Description, 6. Footer","Center Form + Social Share Buttons","Background: Gradient Purple/Blue. Buttons: White. Text: Vibrant White.","Leaderboard list update, referral link copy feedback, particle background, social icon bounce","Give users a reason to share (e.g. Move up the list). Show a live leaderboard. Keep the form extremely short.","
69,Subscription Box Unboxing,"subscription, box, unboxing, surprise, lifestyle","1. Unboxing Video Hero, 2. Whats Inside Gallery, 3. Pricing Plans, 4. Referral/Social Proof, 5. Gift Option, 6. Footer","Join Now Top Right + Pricing Cards","Primary: Brand Teal #20B2AA. Accents: Coral #FF7F50. Text: Charcoal.","Card flip reveal, video play pulse, slide-in gallery, box opening animation","Focus on the 'Surprise' element. Show past boxes as examples. Include a 'Gift this Box' option.","
70,Enterprise Demo Request,"enterprise, b2b, demo, sales, lead-gen","1. Strategic Value Hero, 2. Client Case Studies, 3. Trusted By Logos, 4. Full Form (Professional), 5. Contact Sales Link","Header Book Demo + Form Submit","Professional: Dark Blue #002D72. Secondary: Grey #6C757D. Form: White.","Case study slider, logo carousel, multi-step form, smooth scroll to form","Show enterprise-level social proof (Gartner, G2). Ask for company size in the form. Offer a 'Speak to Sales' option.","
71,Digital Product Bundle,"bundle, digital, sale, discount, products","1. Bundle Hero (The Hook), 2. Product Breakdown (Grid), 3. Price Comparison (Old vs New), 4. Testimonials, 5. Final CTA","Hero Buy Bundle + Bottom CTA","Background: Bright #F8F9FA. Bundle Accent: Purple #8E44AD. Price: Green.","Savings counter count-up, product card hover, checkmark drawing, smooth scroll","Highlight the 'Total Value' vs 'Bundle Price'. Use a sticky CTA for the bundle. Show what is inside each product.","
72,Author & Book Launch,"author, book, launch, publishing, writer","1. Book Cover Hero, 2. Blurb/Synopsis, 3. Pre-order Links, 4. Reviews/Quotes, 5. About the Author, 6. Upcoming Events","Sticky Buy Button + Hero Links","Primary: Elegant Maroon #800000. Background: Cream #FFFDD0. Text: Black.","Parallax book cover, quote fade-in, smooth scroll to links, events calendar hover","Show reviews from famous authors. Link to all major retailers (Amazon, B&N). Offer a free chapter download.","
73,Photography Portfolio,"photography, portfolio, visual, artist, gallery","1. Full-screen Photo Hero, 2. Minimalist Grid, 3. Category Filter, 4. About the Artist, 5. Contact/Booking Form","Sidebar Menu + Bottom Contact","Background: Minimal Black or White. Images: Full Bleed. Text: Minimal.","Horizontal scroll gallery, lightbox zoom, smooth image loading, subtle parallax","Let the photos speak for themselves. Use a high-quality lightbox. Keep navigation very discreet.","
74,Nonprofit Annual Report,"nonprofit, report, impact, data, transparency","1. Impact Summary Hero, 2. Interactive Year Timeline, 3. Key Financials (Charts), 4. Success Stories, 5. Download PDF, 6. Donate","Download PDF Sidebar + Bottom Donate","Primary: Meaningful Green #2E7D32. Text: Dark. Charts: Brand Colors.","Animated charts (bars/pies), timeline scroll reveal, impact counter, PDF icon pulse","Focus on the 'Results' achieved with donations. Use interactive charts. Provide a clear PDF download option.","
75,Automotive Car Listing,"auto, car, listing, vehicle, sales","1. Car Gallery Hero, 2. Price/Specs Bar, 3. Features & Options, 4. Financing Calculator, 5. Dealer Contact Form, 6. Similar Cars","Contact Dealer Button + Call Floating","Primary: Sleek Silver #C0C0C0. Accents: Action Blue. Text: Dark.","Image gallery slider, financing slider calculation, spec icon hover, map zoom to dealer","Show the VIN and mileage clearly. Use a 'Check Availability' button. Include a financing calculator.","
76,Gym & Fitness Membership,"gym, fitness, workout, membership, local","1. Action-packed Video Hero, 2. Membership Plans, 3. Class Schedule, 4. Personal Trainers, 5. Location/Map, 6. Join Now","Hero Join Now + Membership Select","Primary: High-Energy Yellow #FFD700. Secondary: Black #111. Text: White.","Video background, plan card lift, schedule filter, trainer photo hover","Show the gym's vibe through video. Highlight 'No Contract' options. Make the location and hours clear.","
77,Pet Services & Supplies,"pet, dog, cat, grooming, vet","1. Cute Pet Hero, 2. Services List, 3. Shop Best-sellers, 4. Happy Customer Photos, 5. Book Appointment, 6. Footer","Top Right Book + Product Card CTA","Primary: Friendly Orange #FF8C00. Secondary: Blue #1E90FF. Text: Dark.","Paw print loading icon, pet photo carousel, smooth category filter, shop card hover","Use high-quality pet photos. Show trust via vet-approved badges. Offer a 'First Order Discount'.","
78,SaaS Public Roadmap,"saas, roadmap, product, updates, feedback","1. Roadmap Overview, 2. Under Consideration, 3. In Progress, 4. Launched, 5. Feedback/Vote Form, 6. Footer","Vote on Feature Button + Submit Idea","Columns: Grey/Blue/Green headers. Cards: White. Vote Button: Primary.","Card drag-and-drop (visual), vote counter count-up, status tag color change, search filter","Let users vote on their favorite features. Be clear about what is 'Launched'. Keep the UI kanban-style.","
79,Crowdfunding Page,"crowdfunding, startup, backing, goal, rewards","1. Pitch Video Hero, 2. Funding Goal Progress, 3. Reward Tiers, 4. The Story, 5. Team Bio, 6. Updates/Comments","Back This Project Button + Tier Select","Primary: Creative Green #00A3DA. Progress: Gradient. Text: Dark.","Progress bar fill animation, backer count-up, reward card hover, video play pulse","Use a high-quality pitch video. Clearly show the funding goal and deadline. Offer exclusive rewards.","
80,Virtual Summit Home,"summit, event, online, conference, speakers","1. Summit Theme Hero, 2. Speaker Lineup Grid, 3. Agenda/Schedule, 4. Free vs VIP Tickets, 5. FAQ, 6. Registration","Register for Free Button + VIP Upgrade","Primary: Summit Purple #6C63FF. Accents: Neon Blue. Text: White.","Speaker profile flip, agenda time-sync, registration form popup, countdown timer","Show all the speakers' headshots. Use a countdown to the event. Clearly differentiate Free vs VIP access.","
81,Coupon & Discount Hub,"coupon, discount, deals, promo-code, savings","1. Featured Deals Carousel, 2. Category Search, 3. Coupon Grid (Copy Code), 4. Daily Specials, 5. Newsletter, 6. Footer","Copy Code Button + Shop Now","Primary: Savings Red #FF4D4D. Accents: Green. Text: Dark.","Coupon reveal on click, 'Code Copied' tooltip, deal card shuffle, countdown to expiry","Make copying the code extremely easy. Show the 'Success Rate' of coupons. Use categories for easy browsing.","
82,SaaS Wall of Love,"testimonials, social-proof, saas, trust, reviews","1. Praise Hero, 2. Masonry Review Grid, 3. Video Testimonials, 4. Logo Cloud, 5. Featured Tweet/Post, 6. Bottom CTA","Try for Free Header + Footer CTA","Background: Soft #F5F7FA. Quote Cards: White. Text: Primary.","Masonry layout shuffle, video play modal, star rating fade-in, tweet hover highlight","Feature real tweets/LinkedIn posts. Use names and photos. Include a variety of industry use cases.","
83,Hotel & Resort Gallery,"hotel, resort, travel, vacation, luxury","1. Resort Scenery Video, 2. Room Gallery, 3. Amenities Icons, 4. Guest Experiences, 5. Booking Calendar, 6. Contact","Check Availability Top + Book Now","Primary: Luxury Gold #D4AF37. Background: Elegant White. Text: Navy.","Gallery lightbox, amenities icon hover, calendar smooth date select, parallax views","Focus on the 'Experience' (pool, beach). Use a sticky booking bar. Show reviews from TripAdvisor.","
84,Personal Resume/CV Site,"resume, cv, portfolio, developer, designer","1. Professional Intro Hero, 2. Experience Timeline, 3. Skills Grid, 4. Portfolio Projects, 5. Education/Certifications, 6. Contact","Download CV Button + Contact Form","Primary: Modern Blue #0077B5. Background: Grey/White. Text: Dark.","Timeline scroll reveal, skills progress bar fill, project hover effect, smooth scroll","Keep it professional and clean. Include a 'Download PDF' version. Link to LinkedIn and GitHub.","
85,Gardening & Home Decor,"gardening, home, decor, plants, shop","1. Lush Greenery Hero, 2. Shop by Room/Type, 3. Plant Care Guide, 4. New Arrivals, 5. Customer Gallery, 6. Footer","Shop Now Hero + Product Cards","Primary: Nature Green #4CAF50. Accents: Earthy Brown. Text: Dark.","Plant growth animation (subtle), category hover zoom, cart slide-in, care tip popup","Focus on the 'Aesthetic'. Provide care instructions. Use user-generated content for trust.","
86,Freelance Hire Me Page,"freelance, hire, services, consultant, expert","1. Service Offering Hero, 2. Case Study Snippets, 3. Pricing Packages, 4. Working Process, 5. Client Reviews, 6. Booking","Book a Consultation Button + Package CTA","Primary: Freelance Orange #FF5722. Background: White. Text: Dark.","Package card highlight on hover, process step animation, testimonial slider, contact form glow","Focus on the 'Problem' you solve. Be clear about your pricing. Include a 'How it works' section.","
87,Music Album Promo,"music, album, artist, stream, release","1. Album Art Hero, 2. Stream on (Spotify/Apple), 3. Tracklist (Playable), 4. Tour Dates, 5. Merch Store, 6. Footer","Hero Streaming Links + Buy Album","Primary: Artist Brand Color. Background: Dark. Text: White.","Play button pulse, tracklist audio preview, merch card hover, tour date map","Prioritize streaming links. Show high-quality album art. Include a mini-player for track previews.","
88,Software Documentation Home,"docs, software, guide, api, help","1. Search Docs Hero, 2. Quick Start Guides, 3. API Reference, 4. Community/Support, 5. Version Switcher, 6. Footer","Header Get Started + Search Bar","Primary: Code Blue #0052CC. Background: Light. Code Blocks: Dark.","Search autocomplete, code copy to clipboard, sidebar navigation tree, version dropdown","Keep the search bar front and center. Use code highlighting. Organize by 'User' vs 'Developer' guides.","
89,Customer Success Stories,"case-study, success, results, b2b, testimonials","1. Success Story Hero, 2. Video Interviews, 3. Result Metrics (Big Bold), 4. The Challenge/Solution, 5. Client Quote, 6. CTA","Bottom Contact + Sidebar Success","Primary: Trust Green #2ECC71. Text: Dark. Background: White.","Metric count-up, video modal, scroll-triggered quote reveal, logo slider","Focus on the 'ROI' and 'Results'. Use real data. Include video interviews for more authenticity.","
90,Minimalist Bento Grid,"minimalist, bento, design, modern, portfolio","1. Hero Bento Tile, 2. Skills/Services Tiles, 3. Project Tiles, 4. Contact/Link Tiles, 5. Social Icons, 6. Footer","Bottom-right 'Hire Me' Tile","Background: Dark #121212. Tiles: Grey #1E1E1E. Accents: White.","Bento tile hover scale, smooth layout transition, subtle glow, icon fade-in","Use a clean bento grid layout. Prioritize visuals in tiles. Keep the typography bold and minimal.","