STT,Style Category,Type,Keywords,Primary Colors,Secondary Colors,Effects & Animation,Best For,Do Not Use For,Light Mode ✓,Dark Mode ✓,Performance,Accessibility,Mobile-Friendly,Conversion-Focused,Framework Compatibility,Era/Origin,Complexity
1,Minimalism & Swiss Style,General,"Clean, simple, spacious, functional, white space, high contrast, geometric, sans-serif, grid-based, essential","Monochromatic, Black #000000, White #FFFFFF","Neutral (Beige #F5F1E8, Grey #808080, Taupe #B38B6D), Primary accent","Subtle hover (200-250ms), smooth transitions, sharp shadows if any, clear type hierarchy, fast loading","Enterprise apps, dashboards, documentation sites, SaaS platforms, professional tools","Creative portfolios, entertainment, playful brands, artistic experiments",✓ Full,✓ Full,⚡ Excellent,✓ WCAG AAA,✓ High,◐ Medium,"Tailwind 10/10, Bootstrap 9/10, MUI 9/10",1950s Swiss,Low
2,Neumorphism,General,"Soft UI, embossed, debossed, convex, concave, light source, subtle depth, rounded (12-16px), monochromatic","Light pastels: Soft Blue #C8E0F4, Soft Pink #F5E0E8, Soft Grey #E8E8E8","Tints/shades (±30%), gradient subtlety, color harmony","Soft box-shadow (multiple: -5px -5px 15px, 5px 5px 15px), smooth press (150ms), inner subtle shadow","Health/wellness apps, meditation platforms, fitness trackers, minimal interaction UIs","Complex apps, critical accessibility, data-heavy dashboards, high-contrast required",✓ Full,◐ Partial,⚡ Good,⚠ Low contrast,✓ Good,◐ Medium,"Tailwind 8/10, CSS-in-JS 9/10",2020s Modern,Medium
3,Glassmorphism,General,"Frosted glass, transparent, blurred background, layered, vibrant background, light source, depth, multi-layer","Translucent white: rgba(255,255,255,0.1-0.3)","Vibrant: Electric Blue #0080FF, Neon Purple #8B00FF, Vivid Pink #FF1493, Teal #20B2AA","Backdrop blur (10-20px), subtle border (1px solid rgba white 0.2), light reflection, Z-depth","Modern SaaS, financial dashboards, high-end corporate, lifestyle apps, modal overlays, navigation","Low-contrast backgrounds, critical accessibility, performance-limited, dark text on dark",✓ Full,✓ Full,⚠ Good,⚠ Ensure 4.5:1,✓ Good,✓ High,"Tailwind 9/10, MUI 8/10, Chakra 8/10",2020s Modern,Medium
4,Brutalism,General,"Raw, unpolished, stark, high contrast, plain text, default fonts, visible borders, asymmetric, anti-design","Primary: Red #FF0000, Blue #0000FF, Yellow #FFFF00, Black #000000, White #FFFFFF","Limited: Neon Green #00FF00, Hot Pink #FF00FF, minimal secondary","No smooth transitions (instant), sharp corners (0px), bold typography (700+), visible grid, large blocks","Design portfolios, artistic projects, counter-culture brands, editorial/media sites, tech blogs","Corporate environments, conservative industries, critical accessibility, customer-facing professional",✓ Full,✓ Full,⚡ Excellent,✓ WCAG AAA,◐ Medium,✗ Low,"Tailwind 10/10, Bootstrap 7/10",1950s Brutalist,Low
5,3D & Hyperrealism,General,"Depth, realistic textures, 3D models, spatial navigation, tactile, skeuomorphic elements, rich detail, immersive","Deep Navy #001F3F, Forest Green #228B22, Burgundy #800020, Gold #FFD700, Silver #C0C0C0","Complex gradients (5-10 stops), realistic lighting, shadow variations (20-40% darker)","WebGL/Three.js 3D, realistic shadows (layers), physics lighting, parallax (3-5 layers), smooth 3D (300-400ms)","Gaming, product showcase, immersive experiences, high-end e-commerce, architectural viz, VR/AR","Low-end mobile, performance-limited, critical accessibility, data tables/forms",◐ Partial,◐ Partial,❌ Poor,⚠ Not accessible,✗ Low,◐ Medium,"Three.js 10/10, R3F 10/10, Babylon.js 10/10",2020s Modern,High
6,Vibrant & Block-based,General,"Bold, energetic, playful, block layout, geometric shapes, high color contrast, duotone, modern, energetic","Neon Green #39FF14, Electric Purple #BF00FF, Vivid Pink #FF1493, Bright Cyan #00FFFF, Sunburst #FFAA00","Complementary: Orange #FF7F00, Shocking Pink #FF006E, Lime #CCFF00, triadic schemes","Large sections (48px+ gaps), animated patterns, bold hover (color shift), scroll-snap, large type (32px+), 200-300ms","Startups, creative agencies, gaming, social media, youth-focused, entertainment, consumer","Financial institutions, healthcare, formal business, government, conservative, elderly",✓ Full,✓ Full,⚡ Good,◐ Ensure WCAG,✓ High,✓ High,"Tailwind 10/10, Chakra 9/10, Styled 9/10",2020s Modern,Medium
7,Dark Mode (OLED),General,"Dark theme, low light, high contrast, deep black, midnight blue, eye-friendly, OLED, night mode, power efficient","Deep Black #000000, Dark Grey #121212, Midnight Blue #0A0E27","Vibrant accents: Neon Green #39FF14, Electric Blue #0080FF, Gold #FFD700, Plasma Purple #BF00FF","Minimal glow (text-shadow: 0 0 10px), dark-to-light transitions, low white emission, high readability, visible focus","Night-mode apps, coding platforms, entertainment, eye-strain prevention, OLED devices, low-light","Print-first content, high-brightness outdoor, color-accuracy-critical",✗ No,✓ Only,⚡ Excellent,✓ WCAG AAA,✓ High,◐ Low,"Tailwind 10/10, MUI 10/10, Chakra 10/10",2020s Modern,Low
8,Accessible & Ethical,General,"High contrast, large text (16px+), keyboard navigation, screen reader friendly, WCAG compliant, focus state, semantic","WCAG AA/AAA (4.5:1 min), simple primary, clear secondary, high luminosity (7:1+)","Symbol-based colors (not color-only), supporting patterns, inclusive combinations","Clear focus rings (3-4px), ARIA labels, skip links, responsive design, reduced motion, 44x44px touch targets","Government, healthcare, education, inclusive products, large audience, legal compliance, public",None - accessibility universal,✓ Full,✓ Full,⚡ Excellent,✓ WCAG AAA,✓ High,✓ High,"All frameworks 10/10",Universal,Low
9,Claymorphism,General,"Soft 3D, chunky, playful, toy-like, bubbly, thick borders (3-4px), double shadows, rounded (16-24px)","Pastel: Soft Peach #FDBCB4, Baby Blue #ADD8E6, Mint #98FF98, Lilac #E6E6FA, light BG","Soft gradients (pastel-to-pastel), light/dark variations (20-30%), gradient subtle","Inner+outer shadows (subtle, no hard lines), soft press (200ms ease-out), fluffy elements, smooth transitions","Educational apps, children's apps, SaaS platforms, creative tools, fun-focused, onboarding, casual games","Formal corporate, professional services, data-critical, serious/medical, legal apps, finance",✓ Full,◐ Partial,⚡ Good,⚠ Ensure 4.5:1,✓ High,✓ High,"Tailwind 9/10, CSS-in-JS 9/10",2020s Modern,Medium
10,Aurora UI,General,"Vibrant gradients, smooth blend, Northern Lights effect, mesh gradient, luminous, atmospheric, abstract","Complementary: Blue-Orange, Purple-Yellow, Electric Blue #0080FF, Magenta #FF1493, Cyan #00FFFF","Smooth transitions (Blue→Purple→Pink→Teal), iridescent effects, blend modes (screen, multiply)","Large flowing CSS/SVG gradients, subtle 8-12s animations, depth via color layering, smooth morph","Modern SaaS, creative agencies, branding, music platforms, lifestyle, premium products, hero sections","Data-heavy dashboards, critical accessibility, content-heavy where distraction issues",✓ Full,✓ Full,⚠ Good,⚠ Text contrast,✓ Good,✓ High,"Tailwind 9/10, CSS-in-JS 10/10",2020s Modern,Medium
11,Retro-Futurism,General,"Vintage sci-fi, 80s aesthetic, neon glow, geometric patterns, CRT scanlines, pixel art, cyberpunk, synthwave","Neon Blue #0080FF, Hot Pink #FF006E, Cyan #00FFFF, Deep Black #1A1A2E, Purple #5D34D0","Metallic Silver #C0C0C0, Gold #FFD700, duotone, 80s Pink #FF10F0, neon accents","CRT scanlines (::before overlay), neon glow (text-shadow+box-shadow), glitch effects (skew/offset keyframes)","Gaming, entertainment, music platforms, tech brands, artistic projects, nostalgic, cyberpunk","Conservative industries, critical accessibility, professional/corporate, elderly, legal/finance",✓ Full,✓ Dark focused,⚠ Moderate,⚠ High contrast/strain,◐ Medium,◐ Medium,"Tailwind 8/10, CSS-in-JS 9/10",1980s Retro,Medium
12,Flat Design,General,"2D, minimalist, bold colors, no shadows, clean lines, simple shapes, typography-focused, modern, icon-heavy","Solid bright: Red, Orange, Blue, Green, limited palette (4-6 max)","Complementary colors, muted secondaries, high saturation, clean accents","No gradients/shadows, simple hover (color/opacity shift), fast loading, clean transitions (150-200ms ease), minimal icons","Web apps, mobile apps, cross-platform, startup MVPs, user-friendly, SaaS, dashboards, corporate","Complex 3D, premium/luxury, artistic portfolios, immersive experiences, high-detail",✓ Full,✓ Full,⚡ Excellent,✓ WCAG AAA,✓ High,✓ High,"Tailwind 10/10, Bootstrap 10/10, MUI 9/10",2010s Modern,Low
13,Skeuomorphism,General,"Realistic, texture, depth, 3D appearance, real-world metaphors, shadows, gradients, tactile, detailed, material","Rich realistic: wood, leather, metal colors, detailed gradients (8-12 stops), metallic effects","Realistic lighting gradients, shadow variations (30-50% darker), texture overlays, material colors","Realistic shadows (layers), depth (perspective), texture details (noise, grain), realistic animations (300-500ms)","Legacy apps, gaming, immersive storytelling, premium products, luxury, realistic simulations, education","Modern enterprise, critical accessibility, low-performance, web (use Flat/Modern)",◐ Partial,◐ Partial,❌ Poor,⚠ Textures reduce readability,✗ Low,◐ Medium,"CSS-in-JS 7/10, Custom 8/10",2007-2012 iOS,High
14,Liquid Glass,General,"Flowing glass, morphing, smooth transitions, fluid effects, translucent, animated blur, iridescent, chromatic aberration","Vibrant iridescent (rainbow spectrum), translucent base with opacity shifts, gradient fluidity","Chromatic aberration (Red-Cyan), iridescent oil-spill, fluid gradient blends, holographic effects","Morphing elements (SVG/CSS), fluid animations (400-600ms curves), dynamic blur (backdrop-filter), color transitions","Premium SaaS, high-end e-commerce, creative platforms, branding experiences, luxury portfolios","Performance-limited, critical accessibility, complex data, budget projects",✓ Full,✓ Full,⚠ Moderate-Poor,⚠ Text contrast,◐ Medium,✓ High,"Framer Motion 10/10, GSAP 10/10",2020s Modern,High
15,Motion-Driven,General,"Animation-heavy, microinteractions, smooth transitions, scroll effects, parallax, entrance anim, page transitions","Bold colors emphasize movement, high contrast animated, dynamic gradients, accent action colors","Transitional states, success (Green #22C55E), error (Red #EF4444), neutral feedback","Scroll anim (Intersection Observer), hover (300-400ms), entrance, parallax (3-5 layers), page transitions","Portfolio sites, storytelling platforms, interactive experiences, entertainment apps, creative, SaaS","Data dashboards, critical accessibility, low-power devices, content-heavy, motion-sensitive",✓ Full,✓ Full,⚠ Good,⚠ Prefers-reduced-motion,✓ Good,✓ High,"GSAP 10/10, Framer Motion 10/10",2020s Modern,High
16,Micro-interactions,General,"Small animations, gesture-based, tactile feedback, subtle animations, contextual interactions, responsive","Subtle color shifts (10-20%), feedback: Green #22C55E, Red #EF4444, Amber #F59E0B","Accent feedback, neutral supporting, clear action indicators","Small hover (50-100ms), loading spinners, success/error state anim, gesture-triggered (swipe/pinch), haptic","Mobile apps, touchscreen UIs, productivity tools, user-friendly, consumer apps, interactive components","Desktop-only, critical performance, accessibility-first (alternatives needed)",✓ Full,✓ Full,⚡ Excellent,✓ Good,✓ High,✓ High,"Framer Motion 10/10, React Spring 9/10",2020s Modern,Medium
17,Inclusive Design,General,"Accessible, color-blind friendly, high contrast, haptic feedback, voice interaction, screen reader, WCAG AAA, universal","WCAG AAA (7:1+ contrast), avoid red-green only, symbol-based indicators, high contrast primary","Supporting patterns (stripes, dots, hatch), symbols, combinations, clear non-color indicators","Haptic feedback (vibration), voice guidance, focus indicators (4px+ ring), motion options, alt content, semantic","Public services, education, healthcare, finance, government, accessible consumer, inclusive",None - accessibility universal,✓ Full,✓ Full,⚡ Excellent,✓ WCAG AAA,✓ High,✓ High,"All frameworks 10/10",Universal,Low
18,Zero Interface,General,"Minimal visible UI, voice-first, gesture-based, AI-driven, invisible controls, predictive, context-aware, ambient","Neutral backgrounds: Soft white #FAFAFA, light grey #F0F0F0, warm off-white #F5F1E8","Subtle feedback: light green, light red, minimal UI elements, soft accents","Voice recognition UI, gesture detection, AI predictions (smooth reveal), progressive disclosure, smart suggestions","Voice assistants, AI platforms, future-forward UX, smart home, contextual computing, ambient experiences","Complex workflows, data-entry heavy, traditional systems, legacy support, explicit control",✓ Full,✓ Full,⚡ Excellent,✓ Excellent,✓ High,✓ High,"Tailwind 10/10, Custom 10/10",2020s AI-Era,Low
19,Soft UI Evolution,General,"Evolved soft UI, better contrast, modern aesthetics, subtle depth, accessibility-focused, improved shadows, hybrid","Improved contrast pastels: Soft Blue #87CEEB, Soft Pink #FFB6C1, Soft Green #90EE90, better hierarchy","Better combinations, accessible secondary, supporting with improved contrast, modern accents","Improved shadows (softer than flat, clearer than neumorphism), modern (200-300ms), focus visible, WCAG AA/AAA","Modern enterprise apps, SaaS platforms, health/wellness, modern business tools, professional, hybrid","Extreme minimalism, critical performance, systems without modern OS",✓ Full,✓ Full,⚡ Excellent,✓ WCAG AA+,✓ High,✓ High,"Tailwind 9/10, MUI 9/10, Chakra 9/10",2020s Modern,Medium
20,Hero-Centric Design,Landing Page,"Large hero section, compelling headline, high-contrast CTA, product showcase, value proposition, hero image/video, dramatic visual","Brand primary color, white/light backgrounds for contrast, accent color for CTA","Supporting colors for secondary CTAs, accent highlights, trust elements (testimonials, logos)","Smooth scroll reveal, fade-in animations on hero, subtle background parallax, CTA glow/pulse effect","SaaS landing pages, product launches, service landing pages, B2B platforms, tech companies","Complex navigation, multi-page experiences, data-heavy applications",✓ Full,✓ Full,⚡ Good,✓ WCAG AA,✓ Full,✓ Very High,"Tailwind 10/10, Bootstrap 9/10",2020s Modern,Medium
21,Conversion-Optimized,Landing Page,"Form-focused, minimalist design, single CTA focus, high contrast, urgency elements, trust signals, social proof, clear value","Primary brand color, high-contrast white/light backgrounds, warning/urgency colors for time-limited offers","Secondary CTA color (muted), trust element colors (testimonial highlights), accent for key benefits","Hover states on CTA (color shift, slight scale), form field focus animations, loading spinner, success feedback","E-commerce product pages, free trial signups, lead generation, SaaS pricing pages, limited-time offers","Complex feature explanations, multi-product showcases, technical documentation",✓ Full,✓ Full,⚡ Excellent,✓ WCAG AA,✓ Full (mobile-optimized),✓ Very High,"Tailwind 10/10, Bootstrap 9/10",2020s Modern,Medium
22,Feature-Rich Showcase,Landing Page,"Multiple feature sections, grid layout, benefit cards, visual feature demonstrations, interactive elements, problem-solution pairs","Primary brand, bright secondary colors for feature cards, contrasting accent for CTAs","Supporting colors for: benefits (green), problems (red/orange), features (blue/purple), social proof (neutral)","Card hover effects (lift/scale), icon animations on scroll, feature toggle animations, smooth section transitions","Enterprise SaaS, software tools landing pages, platform services, complex product explanations, B2B products","Simple product pages, early-stage startups with few features, entertainment landing pages",✓ Full,✓ Full,⚡ Good,✓ WCAG AA,✓ Good,✓ High,"Tailwind 10/10, Bootstrap 9/10",2020s Modern,Medium
23,Minimal & Direct,Landing Page,"Minimal text, white space heavy, single column layout, direct messaging, clean typography, visual-centric, fast-loading","Monochromatic primary, white background, single accent color for CTA, black/dark grey text","Minimal secondary colors, reserved for critical CTAs only, neutral supporting elements","Very subtle hover effects, minimal animations, fast page load (no heavy animations), smooth scroll","Simple service landing pages, indie products, consulting services, micro SaaS, freelancer portfolios","Feature-heavy products, complex explanations, multi-product showcases",✓ Full,✓ Full,⚡ Excellent,✓ WCAG AAA,✓ Full,✓ High,"Tailwind 10/10, Bootstrap 10/10",2020s Modern,Low
24,Social Proof-Focused,Landing Page,"Testimonials prominent, client logos displayed, case studies sections, reviews/ratings, user avatars, success metrics, credibility markers","Primary brand, trust colors (blue), success/growth colors (green), neutral backgrounds","Testimonial highlight colors, logo grid backgrounds (light grey), badge/achievement colors","Testimonial carousel animations, logo grid fade-in, stat counter animations (number count-up), review star ratings","B2B SaaS, professional services, premium products, e-commerce conversion pages, established brands","Startup MVPs, products without users, niche/experimental products",✓ Full,✓ Full,⚡ Good,✓ WCAG AA,✓ Full,✓ High,"Tailwind 10/10, Bootstrap 9/10",2020s Modern,Medium
25,Interactive Product Demo,Landing Page,"Embedded product mockup/video, interactive elements, product walkthrough, step-by-step guides, hover-to-reveal features, embedded demos","Primary brand, interface colors matching product, demo highlight colors for interactive elements","Product UI colors, tutorial step colors (numbered progression), hover state indicators","Product animation playback, step progression animations, hover reveal effects, smooth zoom on interaction","SaaS platforms, tool/software products, productivity apps landing pages, developer tools, productivity software","Simple services, consulting, non-digital products, complexity-averse audiences",✓ Full,✓ Full,⚠ Good (video/interactive),✓ WCAG AA,✓ Good,✓ Very High,"Tailwind 9/10, React 10/10, Framer Motion 9/10",2020s Modern,High
26,Trust & Authority,Landing Page,"Certificates/badges displayed, expert credentials, case studies with metrics, before/after comparisons, industry recognition, security badges","Professional colors (blue/grey), trust colors, certification badge colors (gold/silver accents)","Certificate highlight colors, metric showcase colors, comparison highlight (success green)","Badge hover effects, metric pulse animations, certificate carousel, smooth stat reveal","Healthcare/medical landing pages, financial services, enterprise software, premium/luxury products, legal services","Casual products, entertainment, viral/social-first products",✓ Full,✓ Full,⚡ Excellent,✓ WCAG AAA,✓ Full,✓ High,"Tailwind 10/10, Bootstrap 9/10",2020s Modern,Low
27,Storytelling-Driven,Landing Page,"Narrative flow, visual story progression, section transitions, consistent character/brand voice, emotional messaging, journey visualization","Brand primary, warm/emotional colors, varied accent colors per story section, high visual variety","Story section color coding, emotional state colors (calm, excitement, success), transitional gradients","Section-to-section animations, scroll-triggered reveals, character/icon animations, morphing transitions, parallax narrative","Brand/startup stories, mission-driven products, premium/lifestyle brands, documentary-style products, educational","Technical/complex products (unless narrative-driven), traditional enterprise software",✓ Full,✓ Full,⚠ Moderate (animations),✓ WCAG AA,✓ Good,✓ High,"GSAP 10/10, Framer Motion 9/10, Tailwind 8/10",2020s Modern,High
28,Data-Dense Dashboard,BI/Analytics,"Multiple charts/widgets, data tables, KPI cards, minimal padding, grid layout, space-efficient, maximum data visibility","Neutral primary (light grey/white #F5F5F5), data colors (blue/green/red), dark text #333333","Chart colors: success (green #22C55E), warning (amber #F59E0B), alert (red #EF4444), neutral (grey)","Hover tooltips, chart zoom on click, row highlighting on hover, smooth filter animations, data loading spinners","Business intelligence dashboards, financial analytics, enterprise reporting, operational dashboards, data warehousing","Marketing dashboards, consumer-facing analytics, simple reporting",✓ Full,✓ Full,⚡ Excellent,✓ WCAG AA,◐ Medium,✗ Not applicable,"Recharts 9/10, Chart.js 9/10, D3.js 10/10",2020s Modern,Medium
29,Heat Map & Heatmap Style,BI/Analytics,"Color-coded grid/matrix, data intensity visualization, geographical heat maps, correlation matrices, cell-based representation, gradient coloring","Gradient scale: Cool (blue #0080FF) to hot (red #FF0000), neutral middle (white/yellow)","Support gradients: Light (cool blue) to dark (warm red), divergent for positive/negative data, monochromatic options","Color gradient transitions on data change, cell highlighting on hover, tooltip reveal on click, smooth color animation","Geographical analysis, performance matrices, correlation analysis, user behavior heatmaps, temperature/intensity data","Linear data representation, categorical comparisons (use bar charts), small datasets",✓ Full,✓ Full (with adjustments),⚡ Excellent,⚠ Colorblind considerations,◐ Medium,✗ Not applicable,"D3.js 10/10, Recharts 8/10, Chart.js 8/10",2020s Modern,Medium
30,Executive Dashboard,BI/Analytics,"High-level KPIs, large key metrics, minimal detail, summary view, trend indicators, at-a-glance insights, executive summary","Brand colors, professional palette (blue/grey/white), accent for KPIs, red for alerts/concerns","KPI highlight colors: positive (green), negative (red), neutral (grey), trend arrow colors","KPI value animations (count-up), trend arrow direction animations, metric card hover lift, alert pulse effect","C-suite dashboards, business summary reports, decision-maker dashboards, strategic planning views","Detailed analyst dashboards, technical deep-dives, operational monitoring",✓ Full,✓ Full,⚡ Excellent,✓ WCAG AA,✗ Low (not mobile-optimized),✗ Not applicable,"Recharts 9/10, Chart.js 9/10, MUI 9/10",2020s Modern,Low
31,Real-Time Monitoring,BI/Analytics,"Live data updates, status indicators, alert notifications, streaming data visualization, active monitoring, streaming charts","Alert colors: critical (red #FF0000), warning (orange #FFA500), normal (green #22C55E), updating (blue animation)","Status indicator colors, chart line colors varying by metric, streaming data highlight colors","Real-time chart animations, alert pulse/glow, status indicator blink animation, smooth data stream updates, loading effect","System monitoring dashboards, DevOps dashboards, real-time analytics, stock market dashboards, live event tracking","Historical analysis, long-term trend reports, archived data dashboards",✓ Full,✓ Full,⚡ Good (real-time load),✓ WCAG AA,◐ Medium,✗ Not applicable,"Recharts 9/10, D3.js 10/10, Socket.io 10/10",2020s Modern,High
32,Drill-Down Analytics,BI/Analytics,"Hierarchical data exploration, expandable sections, interactive drill-down paths, summary-to-detail flow, context preservation","Primary brand, breadcrumb colors, drill-level indicator colors, hierarchy depth colors","Drill-down path indicator colors, level-specific colors, highlight colors for selected level, transition colors","Drill-down expand animations, breadcrumb click transitions, smooth detail reveal, level change smooth, data reload animation","Sales analytics, product analytics, funnel analysis, multi-dimensional data exploration, business intelligence","Simple linear data, single-metric dashboards, streaming real-time dashboards",✓ Full,✓ Full,⚡ Good,✓ WCAG AA,◐ Medium,✗ Not applicable,"D3.js 10/10, Recharts 8/10, AG Grid 9/10",2020s Modern,High
33,Comparative Analysis Dashboard,BI/Analytics,"Side-by-side comparisons, period-over-period metrics, A/B test results, regional comparisons, performance benchmarks","Comparison colors: primary (blue), comparison (orange/purple), delta indicator (green/red)","Winning metric color (green), losing metric color (red), neutral comparison (grey), benchmark colors","Comparison bar animations (grow to value), delta indicator animations (direction arrows), highlight on compare","Period-over-period reporting, A/B test dashboards, market comparison, competitive analysis, regional performance","Single metric dashboards, future projections (use forecasting), real-time only (no historical)",✓ Full,✓ Full,⚡ Excellent,✓ WCAG AA,◐ Medium,✗ Not applicable,"Recharts 9/10, Chart.js 9/10, D3.js 9/10",2020s Modern,Medium
34,Predictive Analytics,BI/Analytics,"Forecast lines, confidence intervals, trend projections, scenario modeling, AI-driven insights, anomaly detection visualization","Forecast line color (distinct from actual), confidence interval shading, anomaly highlight (red alert), trend colors","High confidence (dark color), low confidence (light color), anomaly colors (red/orange), normal trend (green/blue)","Forecast line animation on draw, confidence band fade-in, anomaly pulse alert, smoothing function animations","Forecasting dashboards, anomaly detection systems, trend prediction dashboards, AI-powered analytics, budget planning","Historical-only dashboards, simple reporting, real-time operational dashboards",✓ Full,✓ Full,⚠ Good (computation),✓ WCAG AA,◐ Medium,✗ Not applicable,"D3.js 10/10, Recharts 8/10, TensorFlow.js 8/10",2020s Modern,High
35,User Behavior Analytics,BI/Analytics,"Funnel visualization, user flow diagrams, conversion tracking, engagement metrics, user journey mapping, cohort analysis","Funnel stage colors: high engagement (green), drop-off (red), conversion (blue), user flow arrows (grey)","Stage completion colors (success), abandonment colors (warning), engagement levels (gradient), cohort colors","Funnel animation (fill-down), flow diagram animations (connection draw), conversion pulse, engagement bar fill","Conversion funnel analysis, user journey tracking, engagement analytics, cohort analysis, retention tracking","Real-time operational metrics, technical system monitoring, financial transactions",✓ Full,✓ Full,⚡ Good,✓ WCAG AA,✓ Good,✗ Not applicable,"Recharts 9/10, Chart.js 9/10, D3.js 9/10",2020s Modern,Medium
36,Financial Dashboard,BI/Analytics,"Revenue metrics, profit/loss visualization, budget tracking, financial ratios, portfolio performance, cash flow, audit trail","Financial colors: profit (green #22C55E), loss (red #EF4444), neutral (grey), trust (dark blue #003366)","Revenue highlight (green), expenses (red), budget variance (orange/red), balance (grey), accuracy (blue)","Number animations (count-up), trend direction indicators, percentage change animations, profit/loss color transitions","Financial reporting, accounting dashboards, portfolio tracking, budget monitoring, banking analytics","Simple business dashboards, entertainment/social metrics, non-financial data",✓ Full,✓ Full,⚡ Excellent,✓ WCAG AAA,✗ Low,✗ Not applicable,"Recharts 9/10, Chart.js 9/10, AG Grid 10/10",2020s Modern,Medium
37,Sales Intelligence Dashboard,BI/Analytics,"Deal pipeline, sales metrics, territory performance, sales rep leaderboard, win-loss analysis, quota tracking, forecast accuracy","Sales colors: won (green), lost (red), in-progress (blue), blocked (orange), quota met (gold), quota missed (grey)","Pipeline stage colors, rep performance colors, quota achievement colors, forecast accuracy colors","Deal movement animations, metric updates, leaderboard ranking changes, gauge needle movements, status change highlights","CRM dashboards, sales management, opportunity tracking, performance management, quota planning","Marketing analytics, customer support metrics, HR dashboards",✓ Full,✓ Full,⚡ Good,✓ WCAG AA,◐ Medium,✗ Not applicable,"Recharts 9/10, Chart.js 9/10",2020s Modern,Medium
38,Neubrutalism,General,"Bold borders, black outlines, primary colors, thick shadows, no gradients, flat colors, 45° shadows, playful, Gen Z","#FFEB3B (Yellow), #FF5252 (Red), #2196F3 (Blue), #000000 (Black borders)","Limited accent colors, high contrast combinations, no gradients allowed","box-shadow: 4px 4px 0 #000, border: 3px solid #000, no gradients, sharp corners (0px), bold typography","Gen Z brands, startups, creative agencies, Figma-style apps, Notion-style interfaces, tech blogs","Luxury brands, finance, healthcare, conservative industries (too playful)",✓ Full,✓ Full,⚡ Excellent,✓ WCAG AAA,✓ High,✓ High,"Tailwind 10/10, Bootstrap 8/10",2020s Modern,Low
39,Bento Box Grid,General,"Modular cards, asymmetric grid, varied sizes, Apple-style, dashboard tiles, negative space, clean hierarchy, cards","Neutral base + brand accent, #FFFFFF, #F5F5F5, brand primary","Subtle gradients, shadow variations, accent highlights for interactive cards","grid-template with varied spans, rounded-xl (16px), subtle shadows, hover scale (1.02), smooth transitions","Dashboards, product pages, portfolios, Apple-style marketing, feature showcases, SaaS","Dense data tables, text-heavy content, real-time monitoring",✓ Full,✓ Full,⚡ Excellent,✓ WCAG AA,✓ High,✓ High,"Tailwind 10/10, CSS Grid 10/10",2020s Apple,Low
40,Y2K Aesthetic,General,"Neon pink, chrome, metallic, bubblegum, iridescent, glossy, retro-futurism, 2000s, futuristic nostalgia","#FF69B4 (Hot Pink), #00FFFF (Cyan), #C0C0C0 (Silver), #9400D3 (Purple)","Metallic gradients, glossy overlays, iridescent effects, chrome textures","linear-gradient metallic, glossy buttons, 3D chrome effects, glow animations, bubble shapes","Fashion brands, music platforms, Gen Z brands, nostalgia marketing, entertainment, youth-focused","B2B enterprise, healthcare, finance, conservative industries, elderly users",✓ Full,◐ Partial,⚠ Good,⚠ Check contrast,✓ Good,✓ High,"Tailwind 8/10, CSS-in-JS 9/10",Y2K 2000s,Medium
41,Cyberpunk UI,General,"Neon, dark mode, terminal, HUD, sci-fi, glitch, dystopian, futuristic, matrix, tech noir","#00FF00 (Matrix Green), #FF00FF (Magenta), #00FFFF (Cyan), #0D0D0D (Dark)","Neon gradients, scanline overlays, glitch colors, terminal green accents","Neon glow (text-shadow), glitch animations (skew/offset), scanlines (::before overlay), terminal fonts","Gaming platforms, tech products, crypto apps, sci-fi applications, developer tools, entertainment","Corporate enterprise, healthcare, family apps, conservative brands, elderly users",✗ No,✓ Only,⚠ Moderate,⚠ Limited (dark+neon),◐ Medium,◐ Medium,"Tailwind 8/10, Custom CSS 10/10",2020s Cyberpunk,Medium
42,Organic Biophilic,General,"Nature, organic shapes, green, sustainable, rounded, flowing, wellness, earthy, natural textures","#228B22 (Forest Green), #8B4513 (Earth Brown), #87CEEB (Sky Blue), #F5F5DC (Beige)","Natural gradients, earth tones, sky blues, organic textures, wood/stone colors","Rounded corners (16-24px), organic curves (border-radius variations), natural shadows, flowing SVG shapes","Wellness apps, sustainability brands, eco products, health apps, meditation, organic food brands","Tech-focused products, gaming, industrial, urban brands",✓ Full,✓ Full,⚡ Excellent,✓ WCAG AA,✓ High,✓ High,"Tailwind 10/10, CSS 10/10",2020s Sustainable,Low
43,AI-Native UI,General,"Chatbot, conversational, voice, assistant, agentic, ambient, minimal chrome, streaming text, AI interactions","Neutral + single accent, #6366F1 (AI Purple), #10B981 (Success), #F5F5F5 (Background)","Status indicators, streaming highlights, context card colors, subtle accent variations","Typing indicators (3-dot pulse), streaming text animations, pulse animations, context cards, smooth reveals","AI products, chatbots, voice assistants, copilots, AI-powered tools, conversational interfaces","Traditional forms, data-heavy dashboards, print-first content",✓ Full,✓ Full,⚡ Excellent,✓ WCAG AA,✓ High,✓ High,"Tailwind 10/10, React 10/10",2020s AI-Era,Low
44,Memphis Design,General,"80s, geometric, playful, postmodern, shapes, patterns, squiggles, triangles, neon, abstract, bold","#FF71CE (Hot Pink), #FFCE5C (Yellow), #86CCCA (Teal), #6A7BB4 (Blue Purple)","Complementary geometric colors, pattern fills, contrasting accent shapes","transform: rotate(), clip-path: polygon(), mix-blend-mode, repeating patterns, bold shapes","Creative agencies, music sites, youth brands, event promotion, artistic portfolios, entertainment","Corporate finance, healthcare, legal, elderly users, conservative brands",✓ Full,✓ Full,⚡ Excellent,⚠ Check contrast,✓ Good,◐ Medium,"Tailwind 9/10, CSS 10/10",1980s Postmodern,Medium
45,Vaporwave,General,"Synthwave, retro-futuristic, 80s-90s, neon, glitch, nostalgic, sunset gradient, dreamy, aesthetic","#FF71CE (Pink), #01CDFE (Cyan), #05FFA1 (Mint), #B967FF (Purple)","Sunset gradients, glitch overlays, VHS effects, neon accents, pastel variations","text-shadow glow, linear-gradient, filter: hue-rotate(), glitch animations, retro scan lines","Music platforms, gaming, creative portfolios, tech startups, entertainment, artistic projects","Business apps, e-commerce, education, healthcare, enterprise software",✓ Full,✓ Dark focused,⚠ Moderate,⚠ Poor (motion),◐ Medium,◐ Medium,"Tailwind 8/10, CSS-in-JS 9/10",1980s-90s Retro,Medium
46,Dimensional Layering,General,"Depth, overlapping, z-index, layers, 3D, shadows, elevation, floating, cards, spatial hierarchy","Neutral base (#FFFFFF, #F5F5F5, #E0E0E0) + brand accent for elevated elements","Shadow variations (sm/md/lg/xl), elevation colors, highlight colors for top layers","z-index stacking, box-shadow elevation (4 levels), transform: translateZ(), backdrop-filter, parallax","Dashboards, card layouts, modals, navigation, product showcases, SaaS interfaces","Print-style layouts, simple blogs, low-end devices, flat design requirements",✓ Full,✓ Full,⚠ Good,⚠ Moderate (SR issues),✓ Good,✓ High,"Tailwind 10/10, MUI 10/10, Chakra 10/10",2020s Modern,Medium
47,Exaggerated Minimalism,General,"Bold minimalism, oversized typography, high contrast, negative space, loud minimal, statement design","#000000 (Black), #FFFFFF (White), single vibrant accent only","Minimal - single accent color, no secondary colors, extreme restraint","font-size: clamp(3rem 10vw 12rem), font-weight: 900, letter-spacing: -0.05em, massive whitespace","Fashion, architecture, portfolios, agency landing pages, luxury brands, editorial","E-commerce catalogs, dashboards, forms, data-heavy, elderly users, complex apps",✓ Full,✓ Full,⚡ Excellent,✓ WCAG AA,✓ High,✓ High,"Tailwind 10/10, Typography.js 10/10",2020s Modern,Low
48,Kinetic Typography,General,"Motion text, animated type, moving letters, dynamic, typing effect, morphing, scroll-triggered text","Flexible - high contrast recommended, bold colors for emphasis, animation-friendly palette","Accent colors for emphasis, transition colors, gradient text fills","@keyframes text animation, typing effect, background-clip: text, GSAP ScrollTrigger, split text","Hero sections, marketing sites, video platforms, storytelling, creative portfolios, landing pages","Long-form content, accessibility-critical, data interfaces, forms, elderly users",✓ Full,✓ Full,⚠ Moderate,❌ Poor (motion),✓ Good,✓ Very High,"GSAP 10/10, Framer Motion 10/10",2020s Modern,High
49,Parallax Storytelling,General,"Scroll-driven, narrative, layered scrolling, immersive, progressive disclosure, cinematic, scroll-triggered","Story-dependent, often gradients and natural colors, section-specific palettes","Section transition colors, depth layer colors, narrative mood colors","transform: translateY(scroll), position: fixed/sticky, perspective: 1px, scroll-triggered animations","Brand storytelling, product launches, case studies, portfolios, annual reports, marketing campaigns","E-commerce, dashboards, mobile-first, SEO-critical, accessibility-required",✓ Full,✓ Full,❌ Poor,❌ Poor (motion),✗ Low,✓ High,"GSAP ScrollTrigger 10/10, Locomotive Scroll 10/10",2020s Modern,High
50,Swiss Modernism 2.0,General,"Grid system, Helvetica, modular, asymmetric, international style, rational, clean, mathematical spacing","#000000, #FFFFFF, #F5F5F5, single vibrant accent only","Minimal secondary, accent for emphasis only, no gradients","display: grid, grid-template-columns: repeat(12 1fr), gap: 1rem, mathematical ratios, clear hierarchy","Corporate sites, architecture, editorial, SaaS, museums, professional services, documentation","Playful brands, children's sites, entertainment, gaming, emotional storytelling",✓ Full,✓ Full,⚡ Excellent,✓ WCAG AAA,✓ High,✓ High,"Tailwind 10/10, Bootstrap 9/10, Foundation 10/10",1950s Swiss + 2020s,Low
51,HUD / Sci-Fi FUI,General,"Futuristic, technical, wireframe, neon, data, transparency, iron man, sci-fi, interface","Neon Cyan #00FFFF, Holographic Blue #0080FF, Alert Red #FF0000","Transparent Black, Grid Lines #333333","Glow effects, scanning animations, ticker text, blinking markers, fine line drawing","Sci-fi games, space tech, cybersecurity, movie props, immersive dashboards","Standard corporate, reading heavy content, accessible public services",✓ Low,✓ Full,⚠ Moderate (renders),⚠ Poor (thin lines),◐ Medium,✗ Low,"React 9/10, Canvas 10/10",2010s Sci-Fi,High
52,Pixel Art,General,"Retro, 8-bit, 16-bit, gaming, blocky, nostalgic, pixelated, arcade","Primary colors (NES Palette), brights, limited palette","Black outlines, shading via dithering or block colors","Frame-by-frame sprite animation, blinking cursor, instant transitions, marquee text","Indie games, retro tools, creative portfolios, nostalgia marketing, Web3/NFT","Professional corporate, modern SaaS, high-res photography sites",✓ Full,✓ Full,⚡ Excellent,✓ Good (if contrast ok),✓ High,◐ Medium,"CSS (box-shadow) 8/10, Canvas 10/10",1980s Arcade,Medium
53,Bento Grids,General,"Apple-style, modular, cards, organized, clean, hierarchy, grid, rounded, soft","Off-white #F5F5F7, Clean White #FFFFFF, Text #1D1D1F","Subtle accents, soft shadows, blurred backdrops","Hover scale (1.02), soft shadow expansion, smooth layout shifts, content reveal","Product features, dashboards, personal sites, marketing summaries, galleries","Long-form reading, data tables, complex forms",✓ Full,✓ Full,⚡ Excellent,✓ WCAG AA,✓ High,✓ High,"CSS Grid 10/10, Tailwind 10/10",2020s Apple/Linear,Low
54,Neubrutalism,General,"Bold, ugly-cute, raw, high contrast, flat, hard shadows, distinct, playful, loud","Pop Yellow #FFDE59, Bright Red #FF5757, Black #000000","Lavender #CBA6F7, Mint #76E0C2","Hard hover shifts (4px), marquee scrolling, jitter animations, bold borders","Design tools, creative agencies, Gen Z brands, personal blogs, gumroad-style","Banking, legal, healthcare, serious enterprise, elderly users",✓ Full,✓ Full,⚡ Excellent,✓ WCAG AAA,✓ High,✓ High,"Tailwind 10/10, Plain CSS 10/10",2020s Modern Retro,Low
55,Spatial UI (VisionOS),General,"Glass, depth, immersion, spatial, translucent, gaze, gesture, apple, vision-pro","Frosted Glass #FFFFFF (15-30% opacity), System White","Vibrant system colors for active states, deep shadows for depth","Parallax depth, dynamic lighting response, gaze-hover effects, smooth scale on focus","Spatial computing apps, VR/AR interfaces, immersive media, futuristic dashboards","Text-heavy documents, high-contrast requirements, non-3D capable devices",✓ Full,✓ Full,⚠ Moderate (blur cost),⚠ Contrast risks,✓ High (if adapted),✓ High,"SwiftUI, React (Three.js/Fiber)",2024 Spatial Era,High
56,E-Ink / Paper,General,"Paper-like, matte, high contrast, texture, reading, calm, slow tech, monochrome","Off-White #FDFBF7, Paper White #F5F5F5, Ink Black #1A1A1A","Pencil Grey #4A4A4A, Highlighter Yellow #FFFF00 (accent)","No motion blur, distinct page turns, grain/noise texture, sharp transitions (no fade)","Reading apps, digital newspapers, minimal journals, distraction-free writing, slow-living brands","Gaming, video platforms, high-energy marketing, dark mode dependent apps",✓ Full,✗ Low (inverted only),⚡ Excellent,✓ WCAG AAA,✓ High,✓ Medium,"Tailwind 10/10, CSS 10/10",2020s Digital Well-being,Low
57,Gen Z Chaos / Maximalism,General,"Chaos, clutter, stickers, raw, collage, mixed media, loud, internet culture, ironic","Clashing Brights: #FF00FF, #00FF00, #FFFF00, #0000FF","Gradients, rainbow, glitch, noise, heavily saturated mix","Marquee scrolls, jitter, sticker layering, GIF overload, random placement, drag-and-drop","Gen Z lifestyle brands, music artists, creative portfolios, viral marketing, fashion","Corporate, government, healthcare, banking, serious tools",✓ Full,✓ Full,⚠ Poor (heavy assets),❌ Poor,◐ Medium,✓ High (Viral),CSS-in-JS 8/10,2023+ Internet Core,High
58,Biomimetic / Organic 2.0,General,"Nature-inspired, cellular, fluid, breathing, generative, algorithms, life-like","Cellular Pink #FF9999, Chlorophyll Green #00FF41, Bioluminescent Blue","Deep Ocean #001E3C, Coral #FF7F50, Organic gradients","Breathing animations, fluid morphing, generative growth, physics-based movement","Sustainability tech, biotech, advanced health, meditation, generative art platforms","Standard SaaS, data grids, strict corporate, accounting",✓ Full,✓ Full,⚠ Moderate,✓ Good,✓ Good,✓ High,"Canvas 10/10, WebGL 10/10",2024+ Generative,High
59,Retrowave / Synthwave,General,"Neon, 80s, synthwave, retro-future, grid, scanlines, glow, vaporwave, sunset","Neon Pink #FF00FF, Electric Blue #00FFFF, Deep Purple #2D033B","Sun Yellow #F5ED4E, Sunset Orange #FF8C00, Laser Cyan #00E5FF","Glow effects (filter: drop-shadow), scanline overlays, parallax grids, VHS noise, neon flicker","Gaming platforms, music streaming, event promos, creative portfolios, lifestyle brands","Corporate dashboards, enterprise SaaS, high-readability text, financial tools",◐ Partial,✓ Full,⚠ Good,⚠ Low contrast,✓ Good,◐ Medium,"Tailwind 8/10, CSS-in-JS 9/10",1980s Retro,High
60,Classic Skeuomorphism,General,"Realistic, textures, glossy, leather, wood, tactile, 3D, depth, physical world","Apple Silver #E3E3E3, Glossy Black #000000, Deep Brown #3D2B1F","Rich textures (linen, brushed metal), realistic glass reflections","High-fidelity gradients, bevels, inner glows, drop shadows (heavy), realistic hover (click sound)","Music apps (knobs/sliders), note-taking (paper texture), high-end luxury, simulation tools","Minimalist apps, modern SaaS, performance-critical sites, fast-loading mobile sites",✓ Full,✓ Full,⚠ Heavy,✓ Good,◐ Medium,✓ High,"Custom CSS 10/10, Canvas 7/10",2000s Apple,High
61,Material Design 3 (M3),General,"Dynamic color, tonal, rounded (28px), adaptive, state layers, card-based, Google","Primary M3 Blue #21005D, On-Primary #FFFFFF, Surface #FEF7FF","Tonal palettes (secondary, tertiary), color extraction, container transforms","State layers (ripple), shared axis motion, container morphing, spring physics","Android apps, enterprise tools, productivity suites, cross-platform apps","Highly artistic sites, counter-culture brands, niche creative portfolios",✓ Full,✓ Full,⚡ Excellent,✓ WCAG AAA,✓ High,✓ High,"MUI 10/10, Flutter 10/10",2021 Modern,Medium
62,Flat Design 2.0,General,"Long shadows, subtle depth, high legibility, clean, vibrant, semi-flat","Vibrant Blue #1976D2, Emerald Green #2ECC71, Bright Red #E74C3C","White #FFFFFF, Off-white #F4F4F4, Dark Grey #333333","Subtle gradients, long shadows (45°), smooth color transitions, flat icons with depth","Corporate portals, landing pages, information-heavy sites, educational platforms","Immersive storytelling, artistic experimentation, brutalist designs",✓ Full,✓ Full,⚡ Excellent,✓ WCAG AAA,✓ High,✓ High,"Bootstrap 10/10, Tailwind 10/10",2014 Modern,Low
63,Claymorphism,General,"Soft 3D, inflated, clay, friendly, pastel, inner shadows, rounded","Pastel Pink #FFD1DC, Soft Mint #B2F2BB, Baby Blue #AEE2FF","Inner shadows (white/dark), fluffy textures, rounded corners (24px+)","Multi-layered inner shadows (inflated look), floating motion, bounce transitions","EdTech, kid-friendly apps, crypto dashboards (friendly), casual social media","Legal tech, high-finance, data-heavy tables, accessibility-first tools",✓ Full,◐ Partial,⚡ Good,⚠ High contrast needed,✓ Good,◐ Medium,"Tailwind 9/10, Framer Motion 10/10",2022 Modern,Medium
64,Memphis Design,General,"Patterns, geometric, squiggles, dots, vibrant, 80s, bold, chaotic, playful","Bright Yellow #FFF000, Magenta #FF00FF, Cyan #00FFFF","Zebra patterns, black/white stripes, bold primary circles","Instant transitions, static patterns, high-contrast borders, non-standard layout","Creative agencies, clothing brands, festival sites, pop-culture blogs","Professional SaaS, medical sites, government portals, minimalist products",✓ Full,✗ None,⚡ Good,✓ WCAG AAA,◐ Medium,◐ Medium,"Tailwind 7/10, Custom CSS 10/10",1980s Milan,Medium
65,Dark UI (Amoled),General,"Pure black, high contrast, battery-saving, sleek, OLED, neon accents","True Black #000000, Dark Grey #121212","Accent Blue #007AFF, Accent Green #34C759, White #FFFFFF","Subtle glow on accents, sharp borders, deep layering, fade-in animations","Mobile apps (iOS/Android), entertainment, coding IDEs, night-time tools","B2B white-label apps, outdoor kiosks, print-focused designs, high-light environments",✗ None,✓ Full,⚡ Excellent,✓ WCAG AAA,✓ High,✓ High,"Tailwind 10/10, Bootstrap 9/10",2018+ Modern,Low
66,Bauhaus Style,General,"Geometric, primary colors, functional, font-heavy, grid, asymmetrical","Red #FF0000, Blue #0000FF, Yellow #FFFF00, Black #000000","Canvas Beige #E7E1D2, Graphite #2C2C2C","Sharp cuts, no shadows, geometric masks, scroll-driven typography","Art schools, architectural sites, design blogs, fashion editorial","Mainstream e-commerce, banking, gaming apps, highly interactive dashboards",✓ Full,◐ Partial,⚡ Excellent,✓ WCAG AAA,✓ Good,◐ Medium,"Tailwind 9/10, CSS Grid 10/10",1920s German,Medium
67,Cyberpunk 2077 Style,General,"Glitch, futuristic, high-tech, high-contrast, hazard patterns, neon yellow","Hazard Yellow #FCEE0A, Electric Blue #00F0FF, Hot Pink #F500FF","Carbon Fiber Grey #151515, Red Alerts #FF003C","Glitch effects, flickering text, scanning lines, distorted images, rapid motion","Gaming hardware sites, tech blogs, cyberpunk media, alternative portfolios","Child-friendly apps, professional services, healthcare, minimalist tools",◐ Partial,✓ Full,⚠ Heavy,⚠ Contrast issues,✓ Good,◐ Medium,"Tailwind 8/10, Three.js 9/10",2020s Scifi,High
68,Soft UI (Pastel),General,"Gentle, low-contrast, calming, airy, floating, rounded, minimal","Cloud Blue #E3F2FD, Lavender #F3E5F5, Peach #FFF3E0","White #FFFFFF, Soft Grey #F5F5F5, Subtle Gold","Soft floating (y-axis animation), low-opacity shadows, slow fades, rounded corners (16px)","Meditation apps, sleep trackers, skincare brands, lifestyle blogs","High-stakes trading, data analytics, accessibility-critical tools",✓ Full,✗ Low,⚡ Good,⚠ Low contrast,✓ High,◐ Medium,"Tailwind 9/10, Chakra UI 9/10",2023 Modern,Low
69,Art Deco Modern,General,"Symmetry, geometric, gold, elegance, streamlined, luxurious, high contrast, decorative borders","Gold #D4AF37, Deep Navy #000080, Emerald Green #50C878","Cream #FFFDD0, Black #000000, Silver #C0C0C0","Linear gradients, sharp geometric masks, slow fades, gold shimmer (radial gradient), thin strokes","Luxury brands, high-end hospitality, fine dining, jewelry e-commerce, invitations","Tech startups, budget services, data-heavy dashboards, children's apps",✓ Full,✓ Full,⚡ Good,✓ Good,✓ Good,◐ Medium,"Tailwind 8/10, Custom CSS 10/10",1920s Art Deco,Medium
70,Solarpunk,General,"Greenery, optimistic, sustainable, organic, bright, solar-powered, lush, technology-in-nature","Nature Green #2E8B57, Sky Blue #87CEEB, Solar Gold #FFD700","Terra Cotta #E2725B, Leaf Green #32CD32, Sun White #FFFFF0","Leaf-sway motion, gentle sunlight flares, rounded organic shapes, SVG growth animations","Sustainability tech, eco-friendly brands, community portals, urban farming apps","Heavy industry, dark mode-only sites, aggressive marketing, corporate banking",✓ Full,◐ Partial,⚡ Good,✓ WCAG AAA,✓ High,✓ High,"Tailwind 9/10, GSAP 10/10",2010s Solarpunk,Medium
71,Brutalist Grunge,General,"Rough, distressed, paper texture, scanned, raw, DIY, typewriter, messy","Charcoal #333333, Ink Black #000000, Off-white #F2F2F2","Rust Red #B7410E, Mustard #E1AD01, Blue Ink #0000FF","Jittery hover, grainy overlays, image displacement, instant page transitions, no shadows","Underground music, zines, art collectives, alternative fashion, experimental portfolios","Medical tech, banking, corporate enterprise, government portals",✓ Full,✓ Full,⚡ Excellent,⚠ Low contrast,◐ Medium,✗ Low,"Tailwind 7/10, Custom CSS 10/10",1990s Grunge,Low
72,High-Fashion Editorial,General,"Large imagery, serif-heavy, whitespace, sophisticated, minimal navigation, high-contrast","Pure White #FFFFFF, Deep Black #000000, Taupe #483C32","Silk Grey #DCD9D4, Vogue Red #C41E3A, Gold #D4AF37","Smooth parallax, reveal-on-scroll, split-screen layouts, letter-spacing transitions","Fashion magazines, modeling agencies, luxury retail, photography portfolios","Data analytics, complex SaaS, educational wikis, utility tools",✓ Full,✓ Full,⚠ Good,✓ Good,✓ Good,✓ High,"Tailwind 9/10, Framer Motion 10/10",1990s Editorial,Medium
73,8-Bit Retro Gaming,General,"Pixelated, blocky, vibrant, arcade, nostalgic, low-res, chunky fonts","Gameboy Green #9BBC0F, Mario Red #FF0000, Sky Blue #5C94FC","Coin Gold #F8D800, Brick Brown #885418, Black #000000","Blinking text, sprite-based icons, step-motion transitions (no easing), pixel-perfect scaling","Gaming communities, indie game dev sites, retro blogs, casual social apps","Corporate law, finance dashboards, high-fidelity luxury, medical apps",✓ Full,✓ Full,⚡ Excellent,⚠ Low contrast,✓ Good,◐ Medium,"Tailwind 8/10, Canvas 10/10",1980s Arcade,Low
74,Glitch Art UI,General,"Digital errors, distortion, RGB split, high energy, technical, fractured","Vibrant Purple #8B00FF, Electric Lime #CCFF00, Cyan #00FFFF","Magenta #FF00FF, Dark Grey #1A1A1A, Signal Red #FF0000","RGB split hover, shaking text, random frame flickers, data-stream overlays, hover distortion","Music festivals, tech streetwear, cyberpunk media, creative tech agencies","Safety-critical apps, finance, accessibility-focused tools, meditation apps",◐ Partial,✓ Full,⚠ Moderate,❌ Poor,✓ Good,◐ Medium,"Tailwind 7/10, WebGL 10/10",2010s Glitch,High
75,Deconstructivism,General,"Fragmented, non-rectilinear, chaotic, layered, architectural, defying grid","Asphalt Grey #4B4B4B, Safety Orange #FF6600, Paper White #F9F9F9","Exposed Rebar Blue #4682B4, Concrete #D3D3D3, Glass Blue #A0D6E8","Slanted intersections, overlapping text, scrolling perspective shifts, gravity-defying elements","Avant-garde architecture, art museums, experimental fashion, theory blogs","Standard e-commerce, B2B dashboards, productivity tools, mobile utilities",✓ Full,✓ Full,⚠ Moderate,⚠ Poor flow,✗ Low,✗ Low,"Tailwind 6/10, Three.js 9/10",1980s Arch,High
76,Bauhaus Revival,General,"Primary colors, geometric, functionalism, sans-serif, grid-heavy, minimal","Bauhaus Red #E2001A, Bauhaus Blue #005696, Bauhaus Yellow #FFD400","Beige #F1EAD0, Black #1D1D1B, Grey #BCBEC0","Hard-edged transitions, geometric masks, rotating circles, strict grid-based movement","Design schools, art galleries, creative tools, academic journals","Entertainment apps, consumer social media, gaming, chaotic marketing",✓ Full,◐ Partial,⚡ Excellent,✓ WCAG AAA,✓ Good,◐ Medium,"Tailwind 10/10, CSS Grid 10/10",1920s Bauhaus,Low
77,Typographic Brutalism,General,"Giant text, sans-serif, black/white, minimal imagery, extreme weight, grid","Ink Black #000000, Paper White #FFFFFF","Highlight Yellow #FFFF00, Action Blue #0000FF, Grey #808080","Marquee text, vertical text, scale-on-scroll, instant hover states, sharp borders","Copywriting agencies, editorial blogs, manifesto sites, tech portfolios","Visual-heavy e-commerce, photography sites, children's content, lifestyle apps",✓ Full,✓ Full,⚡ Excellent,✓ WCAG AAA,◐ Medium,✓ High,"Tailwind 10/10, Next.js 10/10",2015+ Digital,Low
78,Skeuomorphic Industrial,General,"Metal, rivets, weathered, tactile, dials, gauges, heavy, mechanical","Brushed Steel #A5A9B4, Iron #434B4D, Caution Yellow #F9A602","Rusty Red #8B0000, Grease Black #0B0B0B, Glass Green #00FF41","Rotary dial interaction, lever switches, metallic sheen (CSS gradients), shadow depth","Audio plugins, engineering software, flight sims, hardware control panels","Consumer lifestyle, social media, baby products, minimalist SaaS",◐ Partial,✓ Full,⚠ Heavy,✓ Good,✗ Low,◐ Medium,"Tailwind 7/10, SVG 9/10",1940s Factory,High
79,Acid Graphic,General,"Psychedelic, high saturation, warped, fluid, chrome, distorted typography","Acid Green #B0FF00, Hot Magenta #FF0090, Deep Purple #2E0854","Liquid Chrome #E0E0E0, Electric Blue #0000FF, Black #000000","Warping text (SVG filters), fluid blob movement, iridescent gradients, mouse-trail effects","Streetwear brands, music labels, rave promos, creative portfolios","Corporate HR, government sites, banking, professional legal services",◐ Partial,✓ Full,⚠ Moderate,❌ Poor,✓ Good,✗ Low,"Tailwind 6/10, Three.js 10/10",1990s Rave,High
80,Lo-Fi Aesthetic,General,"Chill, nostalgic, low-fidelity, warm, grain, VHS, cozy, anime-inspired","Peach #FFDAB9, Lavender #E6E6FA, Soft Sage #B2AC88","Brown Sugar #A52A2A, Dusk Blue #4682B4, Vinyl Black #121212","Static grain overlay, slow pulse (breathing), soft focus blur, flickering light effects","Music players, meditation apps, community forums, diary/journaling apps","Real-time trading, high-speed data, professional enterprise, sports news",✓ Full,✓ Full,⚡ Good,✓ Good,✓ High,◐ Medium,"Tailwind 9/10, CSS-in-JS 9/10",2010s Internet,Low
81,Corporate Memphis 2.0,General,"Whimsical, flat, inclusive characters, bright colors, friendly, wavy","Alegria Blue #3F51B5, Soft Pink #F48FB1, Sunshine #FFF176","Teal #4DB6AC, Orange #FFB74D, Soft White #FAFAFA","Character limb animation, bouncy buttons, playful floating, smooth SVG transitions","HR platforms, SaaS landing pages, onboarding flows, insurance (friendly)","Counter-culture brands, luxury fashion, technical developer tools, gaming",✓ Full,◐ Partial,⚡ Good,✓ WCAG AAA,✓ High,✓ High,"Tailwind 10/10, Lottie 10/10",2010s Tech,Low
82,Maximalist Psychedelic,General,"More is more, complex patterns, vibrant, clashing, dense, layered","Neon Orange #FF5F1F, Electric Pink #FF00FF, Acid Yellow #CCFF00","Rainbow gradients, checkered patterns, kaleidoscope backgrounds","Infinite scroll, auto-rotating elements, overlapping layers, intense color cycling","Art festivals, creative agencies, toy brands, experimental media","Accessibility-first sites, medical, high-finance, data dashboards",✓ Full,✓ Full,❌ Poor,❌ Poor,✗ Low,✗ Low,"Tailwind 5/10, WebGL 9/10",1960s Psychedelia,High
83,Zen / Wabi-Sabi,General,"Imperfect, natural, calm, asymmetric, earthy, quiet, high whitespace","Rice Paper #FBF7F0, Stone Grey #787276, Moss #4A5D23","Charcoal #36454F, Soft Wood #A68069, Water Blue #E0FFFF","Slow fades (1s+), very subtle parallax, minimal motion, organic layout shifts","Meditation, pottery, high-end tea brands, architecture, wellness portfolios","Fast fashion, high-energy gaming, news sites, urgent alert systems",✓ Full,✗ None,⚡ Good,✓ Good,✓ Good,◐ Medium,"Tailwind 9/10, Vanilla CSS 10/10",Japanese Traditional,Low
84,Swiss International (Heavy Grid),General,"Red/Blue/Yellow, thick lines, bold sans-serif, strict grid, modular","Process Blue #0087BD, Process Red #E4002B, Yellow #FFD200","Grid Black #000000, Background White #FFFFFF, Grey #E6E7E8","Modular layout snap, bold border hover, strict alignment, high-contrast text","Design studios, documentation, technical wikis, architectural firms","Playful consumer apps, artistic experiments, storytelling, fashion",✓ Full,✓ Full,⚡ Excellent,✓ WCAG AAA,✓ Good,✓ High,"Tailwind 10/10, CSS Grid 10/10",1950s Swiss,Low
85,Vector Illustrative,General,"Custom art, hand-drawn feel, playful, unique, vibrant, scene-based","Brand Blue #1A73E8, Soft Grey #F8F9FA, Coral #FF6D00","Sky Blue #E8F0FE, Forest Green #1E8E3E, Mustard #F9AB00","Animated icons, scene scrolling (Lottie), hover-triggered art, bouncy UI","Startups, educational platforms, travel blogs, children's products","Technical documentation, high-data dashboards, financial terminals",✓ Full,◐ Partial,⚡ Good,✓ Good,✓ High,✓ High,"Tailwind 9/10, Lottie 10/10",2020s Modern,Medium
86,Dark Academia,General,"Literary, moody, library, vintage, scholarly, deep colors, textures","Oxford Blue #002147, Burgundy #800020, Forest Green #013220","Old Paper #FDF5E6, Gold #D4AF37, Ink Black #0F0F0F","Soft vignetting, typewriter typing effect, page-flip transitions, subtle dust motes","Writing portfolios, bookstores, history blogs, academic communities","Tech hardware, fitness apps, vibrant marketing, high-performance dashboards",✗ None,✓ Full,⚠ Good,✓ Good,◐ Medium,◐ Medium,"Tailwind 8/10, Custom CSS 9/10",2020s Internet,Medium
87,Luxury Minimalism,General,"Ultra-refined, thin lines, serif, muted, expensive, quiet luxury","Matte Black #1A1A1A, Pearl White #F2F2F2, Champagne #F7E7CE","Slate #708090, Soft Gold #C5B358, Dark Grey #2F2F2F","Ultra-smooth easing (cubic-bezier), letter-spacing expansion, soft image fades","Real estate, luxury watches, private equity, high-end skincare","Budget e-commerce, casual blogs, gaming, utility software",✓ Full,✓ Full,⚡ Good,✓ Good,✓ Good,✓ High,"Tailwind 9/10, Framer Motion 10/10",2020s Modern,Low
88,Futurism (1910s inspired),General,"Speed, motion, machines, sharp angles, fragmented, dynamic, noise","Safety Red #FF0800, Industrial Grey #808080, Black #000000","Copper #B87333, Cobalt Blue #0047AB, Off-white #FAF9F6","Speed-line patterns, rapid motion blur, diagonal scrolling, sharp angular hover","Automotive, high-speed tech, performance brands, experimental design","Wellness, healthcare, children's apps, conservative finance",✓ Full,✓ Full,⚠ Moderate,⚠ Poor flow,◐ Medium,✗ Low,"Tailwind 7/10, Custom CSS 9/10",1910s Italy,High
89,Mid-Century Modern,General,"Retro-organic, geometric, warm wood, muted tones, 50s/60s, atomic","Mustard Yellow #E3B448, Avocado Green #6B8E23, Teal #008080","Walnut Brown #5D4037, Coral #FF7F50, Off-white #F5F5DC","Rounded geometric transitions, warm glow hover, flat illustrative icons","Furniture design, lifestyle blogs, vintage shops, boutique hotels","Cutting-edge tech, dark-mode heavy apps, cyberpunk, data analytics",✓ Full,◐ Partial,⚡ Good,✓ Good,✓ Good,◐ Medium,"Tailwind 9/10, SVG 9/10",1950s Design,Low
90,Constructivism,General,"Propaganda-style, bold diagonals, red/black, geometric, industrial, raw","Soviet Red #CC0000, Stark Black #000000, Industrial Grey #D3D3D3","Beige #F5F5DC, White #FFFFFF, Steel Blue #4682B4","Stark cuts, diagonal text movement, mechanical-feeling transitions, no shadows","Editorial, social justice sites, architectural manifestos, art history","E-commerce, wellness, luxury, mainstream corporate",✓ Full,✓ Full,⚡ Excellent,✓ WCAG AAA,◐ Medium,✗ Low,"Tailwind 9/10, CSS Grid 10/10",1920s Russia,Low
91,Pop Art UI,General,"Ben-Day dots, comic bold, primary, vibrant, celebrity-style, flat","Pop Yellow #FFFF00, Cyan #00FFFF, Magenta #FF00FF","Black Outline #000000, White #FFFFFF, Ben-Day Dot Grey","Animated dots, bold text bubbles, instant pop-up transitions, high-contrast hover","Culture blogs, trendy apparel, digital art, social entertainment","Professional services, medical, B2B SaaS, scientific tools",✓ Full,✗ None,⚡ Good,✓ WCAG AAA,✓ High,✓ High,"Tailwind 8/10, SVG 10/10",1960s Art,Medium
92,Gothic Digital,General,"Blackletter, dark, ornate, spikes, Victorian, ominous, high detail","Deep Black #000000, Blood Red #8B0000, Silver #C0C0C0","Dark Purple #301934, Charcoal #121212, White #FFFFFF","Ornate border expansion, flickering candlelight, sharp hover accents, slow mist","Heavy metal bands, horror media, alternative fashion, gaming","Corporate finance, wellness, government, child-friendly apps",✗ None,✓ Full,⚠ Good,⚠ Low contrast,◐ Medium,✗ Low,"Tailwind 7/10, Custom CSS 10/10",2020s Alt-Digital,High
93,Steampunk Interface,General,"Brass, copper, gears, Victorian tech, leather, gauges, steam","Brass #B5A642, Copper #B87333, Dark Leather #3D2B1F","Steam White #F2F2F2, Gear Grey #707070, Emerald #50C878","Rotating gears, steam particle effects, analog dial movement, mechanical clicks","Tabletop RPGs, niche hobby sites, creative storytelling, steampunk games","Corporate banking, modern tech, health apps, minimalist products",◐ Partial,✓ Full,⚠ Heavy,✓ Good,✗ Low,◐ Medium,"Tailwind 6/10, GSAP 10/10",19th Century Tech,High
94,Holographic Glass,General,"Iridescent, frosted, depth, light-refraction, pastel-neon, futuristic","Iridiscent Pink #FFD1FF, Aqua #D1FFFF, Lavender #E6E6FA","Glass White #FFFFFF, Neon Blue #00D2FF, Chrome #E0E0E0","Refractive light follow (mouse), shimmering gradients, multi-layered glass, aurora motion","Crypto wallets, Web3 landing pages, luxury skincare, high-tech fashion","Information-dense wikis, data tables, accessibility-focused tools",✓ Full,✓ Full,⚠ Moderate,⚠ Low contrast,✓ Good,✓ High,"Tailwind 9/10, Three.js 10/10",2024+ Future,High
95,Risograph Style,General,"Grainy, ink-overlap, limited palette, textured, print-look, tactile","Riso Blue #0078BF, Riso Pink #FF48B0, Riso Yellow #FFE800","Paper White #F4F1EA, Overlap Violet #6D2D91, Riso Green #00A95C","Noise/grain overlay, color-bleed hover, static-like flicker, offset layers","Indie publishers, art portfolios, zine culture, small creative shops","Enterprise dashboards, pixel-perfect UI, photography, banking",✓ Full,◐ Partial,⚡ Good,⚠ Color overlap,✓ Good,◐ Medium,"Tailwind 8/10, SVG Filter 10/10",1980s Print,Medium
96,Analog Film Aesthetic,General,"Film grain, light leaks, sepia, warm, nostalgic, cinematic, soft","Film Black #1A1712, Kodak Yellow #FFB100, Warm White #FDF5E6","Light Leak Red #FF4B2B, Dust Grey #7A7A7A, Muted Teal","Jittery frame movement, light leak transitions, soft grain, frame-border UI","Photographers, cinema sites, travel journals, personal stories","High-speed SaaS, real-time data, technical docs, e-commerce",✓ Full,✓ Full,⚠ Good,✓ Good,✓ Good,◐ Medium,"Tailwind 9/10, Framer Motion 9/10",1970s Cinema,Medium
97,Brutalist Web3,General,"Monospace, high-contrast, blockchain, raw, ASCII art, default-look","Terminal Green #00FF41, Black #000000, White #FFFFFF","Safety Orange #FF6600, ETH Blue #3C3C3D, Link Blue #0000FF","Matrix-style text scroll, raw data dumps, blinkers, terminal-style input","Crypto protocols, developer tools, hackerspaces, DAO governance","Consumer retail, wellness, travel, mainstream social",✓ Full,✓ Full,⚡ Excellent,✓ WCAG AAA,✓ Good,✗ Low,"Tailwind 10/10, Next.js 10/10",2020s Web3,Low
98,Soft Maximalism,General,"Colorful, layered, cozy, busy but gentle, patterns, eclectic, rich","Soft Rose #FFB7C5, Sky Blue #AED9E0, Butter #FAF3DD","Floral patterns, sage #B2AC88, Gold #D4AF37, Warm Grey","Floating elements, gentle parallax, infinite scroll patterns, soft reveal","Interior design, craft e-commerce, lifestyle blogs, boutique fashion","Corporate finance, high-tech hardware, medical software",✓ Full,◐ Partial,⚡ Good,✓ Good,✓ Good,✓ High,"Tailwind 9/10, CSS Grid 9/10",2020s Modern,Medium
99,Industrial Techno,General,"Dark, concrete, minimalist, stark, high-energy, brutal, rhythmic","Concrete #7F7F7F, Signal Red #FF0000, Pitch Black #000000","Steel #B0C4DE, Caution Yellow #FFFF00, Neon Green","Strobe effects (hover), rhythmic pulsing, sharp geometric transitions, glitch","Record labels, techno clubs, industrial hardware, experimental portfolios","Children's apps, medical tech, conservative banking, wellness",✗ None,✓ Full,⚠ Good,⚠ Intense motion,✓ Good,✗ Low,"Tailwind 8/10, WebGL 9/10",1990s Berlin,High
100,Classic Newspaper,General,"Serif-dense, columns, ink black, paper-look, serious, news-heavy","Ink Black #121212, Newsprint #F4F1EA","Muted Red #9B111E, Blue Grey #607D8B, Charcoal","Vertical line separators, drop caps, no motion, fixed column layouts","News outlets, editorial blogs, historical archives, technical journals","Gaming, entertainment, kids apps, immersive marketing",✓ Full,✗ None,⚡ Excellent,✓ WCAG AAA,◐ Medium,✓ High,"Tailwind 10/10, CSS Grid 10/10",1920s Print,Low
101,Surrealist UI,General,"Dream-like, irrational, liquid, melting, impossible geometry, deep","Deep Navy #000080, Cloud White #F0F8FF, Blood Orange #FF4500","Melting Gold #FFD700, Sky Blue #87CEEB, Shadow Black","Liquid distortion, element morphing, non-linear navigation, floating eyes/objects","Art galleries, psychological tools, experimental film, high-end creative","Banking, utility apps, grocery shopping, legal services",✓ Full,✓ Full,⚠ Moderate,❌ Poor,✗ Low,✗ Low,"Tailwind 6/10, Three.js 10/10",1920s Surrealism,High
102,Folk / Craft Style,General,"Handmade, rustic, patterns, woodcut, natural, warm, storytelling","Earth Brown #4E342E, Terracotta #CC4E5C, Forest Green #2D5A27","Mustard #E3B448, Cream #FFFDD0, Indigo #3F51B5","Page-flip, woodcut textures, simple fade, decorative scroll, hand-drawn icons","Artisanal shops, community projects, environmental blogs, cultural museums","High-tech SaaS, big data, gaming, medical portals",✓ Full,◐ Partial,⚡ Good,✓ Good,✓ Good,✓ High,"Tailwind 8/10, SVG 9/10",Traditional Folk,Medium
103,Scandinavian Hygge,General,"Cozy, minimal, light wood, soft, functional, clean, airy","Soft White #F9F9F9, Light Oak #D2B48C, Sage #9CAF88","Cool Grey #708090, Sky Blue #B0C4DE, Warm Grey","Soft transitions, breathing room, minimal shadows, high legibility focus","Home decor, lifestyle blogs, wellness apps, modern furniture, apps for seniors","Cyberpunk games, dark UI apps, aggressive marketing, heavy industry",✓ Full,✗ None,⚡ Excellent,✓ WCAG AAA,✓ High,✓ High,"Tailwind 10/10, MUI 9/10",Modern Nordic,Low
104,Geometric Abstract,General,"Vector-heavy, bold shapes, flat, overlapping, modern, corporate-art","Shapes Blue #0D47A1, Shapes Orange #FF6F00, Shapes Purple #4A148C","White #FFFFFF, Grey #EEEEEE, Black #212121","Shape-shifting animations, intersection hover, floating geometric background","Tech startups, design agencies, SaaS branding, educational tools","Luxury retail, historical sites, gothic branding, photography",✓ Full,✓ Full,⚡ Excellent,✓ WCAG AAA,✓ High,✓ High,"Tailwind 10/10, SVG 10/10",2020s Corporate,Low
105,Retro Post-Punk,General,"High contrast, photocopied, gritty, xerox, DIY, red/black/white","Punk Red #E60000, Pitch Black #000000, Stark White #FFFFFF","Spraypaint Grey #707070, Blue Print #0000FF, Yellow Highlight","Screen-door effect, noisy hover, offset text, high-speed flickers","Music zines, alternative culture, streetwear, underground events","Professional banking, medical, legal, high-end luxury",✓ Full,✓ Full,⚡ Excellent,⚠ Low contrast,◐ Medium,✗ Low,"Tailwind 9/10, Custom CSS 10/10",1980s Punk,Low
106,Tactical / Mil-Spec,General,"Industrial, military, rugged, HUD, data-heavy, functional, matte","Olive Drab #3C341F, Matte Black #1A1A1A, Desert Sand #C2B280","Night Vision Green #00FF41, Safety Orange #FF8C00, Gunmetal Grey","Grid-coordinate hover, scanning lines, digital readouts, sharp UI boxes","Outdoor gear, tactical tech, engineering tools, security dashboards","Beauty brands, luxury fashion, childcare, wellness",✗ None,✓ Full,⚠ Good,✓ Good,✓ Good,◐ Medium,"Tailwind 9/10, CSS Grid 10/10",2010s Tactical,Medium
107,Dreamcore / Weirdcore,General,"Surreal, nostalgic, uncanny, low-res, liminal spaces, eyes, clouds","Sky Blue #87CEEB, Cloud White #FFFFFF, Grass Green #7CFC00","Uncanny Pink #FF69B4, Static Grey #808080, Void Black","Random element placement, blinking icons, infinite void scroll, warping text","Art projects, internet mystery sites, indie music, niche communities","Corporate landing pages, B2B, medical, standard retail",✓ Full,✓ Full,⚠ Moderate,❌ Poor,✗ Low,✗ Low,"Tailwind 7/10, Custom CSS 9/10",2020s Internet,Medium
108,Streetwear / Hypebeast,General,"Large bold type, high-contrast, product focus, minimal, aggressive","Bold Orange #FF4500, Pure Black #000000, Bright White #FFFFFF","Electric Blue #0000FF, Cement Grey #B2B2B2, Neon Green","Rapid product swaps, marquee banners, bold border hover, sticky text","Fashion retail, sneakers, limited drops, youth lifestyle","Corporate banking, enterprise SaaS, professional law, medical",✓ Full,✓ Full,⚡ Good,✓ Good,✓ High,✓ High,"Tailwind 10/10, Next.js 10/10",2010s Culture,Medium
109,Botanical / Greenhouse,General,"Plant-heavy, organic, scientific, green, classic, illustrative","Deep Forest #013220, Leaf Green #4F7942, Parchment #FCF5E5","Petal Pink #FFD1DC, Floral Blue #6495ED, Soil Brown","Leaf parallax, growing SVG vines, smooth organic fades, soft hover","Gardening, florist, herbal medicine, environmental science, eco-resorts","Industrial tech, heavy metal, banking, cyberpunk",✓ Full,◐ Partial,⚡ Good,✓ Good,✓ Good,✓ High,"Tailwind 9/10, GSAP 10/10",19th Century Science,Medium
110,Monochromatic High-Contrast,General,"Strict B&W, extreme contrast, no grey, sharp, bold, typographic","Deep Black #000000, Pure White #FFFFFF","Inverted Black/White focus","Color inversion on hover, sharp instant transitions, no shadows, 0px border-radius","Architectural portfolios, photography, art blogs, minimalist branding","Accessibility apps (low contrast bad), wellness, children's content",✓ Full,✓ Full,⚡ Excellent,✓ WCAG AAA,✓ High,✓ High,"Tailwind 10/10, Vanilla CSS 10/10",2010s Modern,Low
111,Neo-Noir,General,"Cinematic, high shadows, dark, red/blue neon, urban, mood-driven","City Black #050505, Neon Red #FF0000, Deep Blue #00008B","Shadow Grey #1A1A1A, Rain Blue #2F4F4F, White #FFFFFF","Slow dark vignettes, rain/smoke overlays, deep shadows, slow moody fades","Detective games, storytelling, urban fashion, night-life blogs","Educational tools, B2B SaaS, corporate finance, children's apps",✗ None,✓ Full,⚠ Good,⚠ Low contrast,✓ Good,◐ Medium,"Tailwind 8/10, Framer Motion 9/10",Cinema Inspired,Medium
112,Kids Playful Learning,General,"Bouncy, primary, rounded, giant buttons, friendly, loud, icons","Primary Blue #007BFF, Sun Yellow #FFD700, Candy Red #FF1A1A","Lime Green #32CD32, Orange #FF8C00, White #FFFFFF","Bounce physics, sound on click (simulated), wobbly shapes, giant cursors","EdTech for kids, toy shops, primary schools, fun learning tools","High-end luxury, corporate legal, technical developer tools, news",✓ Full,✗ None,⚡ Good,✓ Good,✓ High,✓ High,"Tailwind 9/10, Framer Motion 10/10",2010s Educational,Medium
113,Scientific / Lab Journal,General,"Monospace, grids, technical, raw, data-centric, blue/grey, clean","Lab Blue #005A9C, Paper Grey #F5F5F5, Ink Black #000000","Graph Green #00FF00, Grid Grey #D3D3D3, Safety Yellow","Data plot animations, terminal typing, precise grid movement, technical schematics","Data science, research labs, technical wikis, engineering logs","Lifestyle blogs, fashion retail, gaming, artistic portfolios",✓ Full,◐ Partial,⚡ Excellent,✓ WCAG AAA,✓ Good,✓ High,"Tailwind 10/10, D3.js 10/10",Modern Science,Medium
114,Luxury Yacht / Aviation,General,"Navy, gold, white, spacious, premium, polished, nautical/aerospace","Navy Blue #000080, Pure White #FFFFFF, Gold #D4AF37","Teak Wood #7E481C, Sky Blue #87CEEB, Silver #C0C0C0","Soft wave motion, horizon parallax, slow elegant reveals, polished metal shine","Yacht charters, private jets, luxury travel, high-end marinas","Budget travel, budget retail, aggressive marketing, gaming",✓ Full,◐ Partial,⚡ Good,✓ Good,✓ Good,✓ High,"Tailwind 9/10, Framer Motion 9/10",High-End Travel,Medium
115,Comic Book / Pop-Up,General,"Halftone, panels, action lines, bold, yellow/red, paper, layered","Action Yellow #FFD300, Comic Red #ED1C24, Ink Black #000000","Paper White #F0F0F0, Speech Bubble Blue #D1E8FF, Ben-Day Dot Grey","Panel-to-panel scrolling, pop-up element reveals, halftone hover, zoom-in focus","Entertainment, marketing, storytelling, comic platforms, creative portfolios","Banking, government, serious journals, corporate enterprise",✓ Full,✗ None,⚠ Moderate,✓ Good,◐ Medium,✓ High,"Tailwind 8/10, Custom CSS 10/10",1950s Comic,Medium
116,Brutalist Photography,General,"Raw, high-res, no UI, stark, direct, minimal controls, image-centric","Photo Black #000000, Photo White #FFFFFF","Muted Grey #808080, Transparent Overlays","0ms transitions, raw image loading, high-speed gallery, no embellishments","Professional photographers, photojournalism, high-fashion shoots","Complex SaaS, data-heavy sites, text-heavy wikis, utility tools",✓ Full,✓ Full,⚡ Excellent,✓ Good,✓ High,◐ Medium,"Tailwind 10/10, Next.js 10/10",2020s Digital,Low
117,Claymorphism 2.0 (Glass Fusion),General,"Inflated, glass, soft, translucent, 3D, tactile, modern, fluffy","Soft Purple #D1C4E9, Glass Teal #B2DFDB, Fluffy Pink #F8BBD0","Inner Glow White #FFFFFF, Shadow Grey #BDBDBD, Translucent #FFFFFF40","Dynamic inner shadows, floating bounce, refractive glass overlays, squishy UI","Modern apps, consumer social, meditation, crypto-friendly UI","Traditional banking, news, industrial, medical software",✓ Full,✓ Full,⚠ Good,⚠ Low contrast,✓ High,✓ High,"Tailwind 9/10, Three.js 8/10",2024 Modern,Medium
118,Ethereal / Spiritual,General,"Glow, light, spiritual, soft, aura, vertical, calm, high whitespace","Aura Gold #FFF7E6, Light Lavender #F3E5F5, Spirit Blue #E1F5FE","White #FFFFFF, Soft Pink #FCE4EC, Moonlight Silver","Slow particle glow, vertical smooth scroll, halo hover effects, fading gradients","Spiritual apps, yoga, meditation, luxury retreats, wellness blogs","Fast food, aggressive retail, high-energy gaming, financial news",✓ Full,✗ None,⚡ Good,✓ Good,✓ Good,◐ Medium,"Tailwind 9/10, Canvas 9/10",New Age Inspired,Low